00015197
b6818193
00000297
01c28293
30529073
00c0006f
ffffffff
ffffffff
0bd080ef
fb010113
00112023
00412223
00512423
00612623
00712823
01c12a23
01d12c23
01e12e23
03f12023
02a12223
02b12423
02c12623
02d12823
02e12a23
02f12c23
03012e23
05112023
341022f3
04512223
300022f3
04512423
228000ef
00000313
02051e63
342022f3
800003b7
fff38393
0072f2b3
00b00313
00628a63
00010513
00000097
19408093
7e80806f
04412283
00428293
04512223
0800006f
00010293
0000f397
9f038393
0043a103
ff010113
00512023
0003ae03
001e0e13
01c3a023
34202573
800002b7
fff28293
00557533
1a0000ef
0000c297
fa028293
00351513
00a282b3
0002a503
0042a303
000300e7
0000f317
9a030313
00032383
fff38393
00732023
00012283
00028113
00832383
01832e03
107e0063
0000f297
97828293
0082a383
0182ae03
0fc38663
0000f297
96428293
0082a303
02832a23
02932c23
03232e23
05332023
05432223
05532423
05632623
05732823
05832a23
05932c23
05a32e23
07b32023
02232823
0000e397
a4838393
0003ae03
0bc32e23
0182a303
0062a423
03032103
03432403
03832483
03c32903
04032983
04432a03
04832a83
04c32b03
05032b83
05432c03
05832c83
05c32d03
06032d83
04412283
34129073
04812283
30029073
00012083
00412203
00812283
00c12303
01012383
01412e03
01812e83
01c12f03
02012f83
02412503
02812583
02c12603
03012683
03412703
03812783
03c12803
04012883
05010113
30200073
04412283
34129073
04812283
30029073
00012083
00412203
00812283
00c12303
01012383
01412e03
01812e83
01c12f03
02012f83
02412503
02812583
02c12603
03012683
03412703
03812783
03c12803
04012883
05010113
30200073
00100313
00a312b3
3442b373
00008067
342022f3
80000337
0062f2b3
00000513
00028463
00150513
00008067
00000073
0000e297
7f028293
0082a303
0bc32383
00857513
300522f3
00038513
00008067
00058793
00060813
00068713
00050313
28069663
0000c897
02088893
0ec5f663
00010737
0ce67863
0ff00713
00c73733
00371713
00e656b3
00d888b3
0008c683
00e68733
02000693
40e686b3
00068c63
00d797b3
00e55733
00d61833
00f765b3
00d51333
01085513
02a5f733
01081613
01065613
01035693
02a5d5b3
01071713
00d766b3
02b607b3
00058713
00f6fe63
010686b3
fff58713
0106e863
00f6f663
ffe58713
010686b3
40f686b3
02a6f7b3
01031313
01035313
02a6d6b3
01079793
0067e333
02d605b3
00068513
00b37c63
00680333
fff68513
01036663
00b37463
ffe68513
01071713
00a76733
00000593
0e40006f
010006b7
01000713
f2d66ce3
01800713
f31ff06f
00061663
00100693
02c6d833
000106b7
0cd87263
0ff00693
0106f463
00800713
00e856b3
00d888b3
0008c683
00e686b3
02000713
40d70733
0a071863
410787b3
00100593
01085613
01081893
0108d893
01035693
02c7f733
02c7d7b3
01071713
00d766b3
02f88533
00078713
00a6fe63
010686b3
fff78713
0106e863
00a6f663
ffe78713
010686b3
40a686b3
02c6f7b3
01031313
01035313
02c6d6b3
01079793
0067e333
02d888b3
00068513
01137c63
00680333
fff68513
01036663
01137463
ffe68513
01071713
00a76733
00070513
00008067
010006b7
01000713
f4d862e3
01800713
f3dff06f
00e81833
00d7d5b3
00e51333
00d556b3
01085513
00e797b3
02a5f733
00f6e8b3
01081793
0107d793
0108d613
02a5d5b3
01071713
00c76733
02b786b3
00058613
00d77e63
01070733
fff58613
01076863
00d77663
ffe58613
01070733
40d706b3
02a6f733
01089893
0108d893
02a6d6b3
01071713
02d785b3
011767b3
00068713
00b7fe63
010787b3
fff68713
0107e863
00b7f663
ffe68713
010787b3
40b787b3
01061593
00e5e5b3
eb5ff06f
18d5e663
00010737
04e6f463
0ff00813
00d83733
00371713
00e6d833
0000c597
d7c58593
010585b3
0005c803
02000593
00e80833
410585b3
02059663
00100713
eef6ece3
00c53533
00154713
eedff06f
010005b7
01000713
fcb6e0e3
01800713
fb9ff06f
01065733
00b696b3
00d766b3
0106de93
0107d733
03d778b3
00b797b3
01055833
00f86333
01069793
0107d793
01035813
00b61633
03d75733
01089893
0108e833
02e78f33
00070e13
01e87e63
00d80833
fff70e13
00d86863
01e87663
ffe70e13
00d80833
41e80833
03d878b3
03d85833
01089893
03078eb3
01031793
0107d793
00f8e7b3
00080713
01d7fe63
00d787b3
fff80713
00d7e863
01d7f663
ffe80713
00d787b3
010e1e13
41d787b3
00010eb7
00ee6733
fffe8813
01077333
01075893
01067833
01065613
03030e33
03088833
010e5693
02c30333
01030333
006686b3
02c888b3
0106f463
01d888b3
0106d613
011608b3
0317e663
cf179ae3
000107b7
fff78793
00f6f6b3
01069693
00fe7e33
00b51533
01c686b3
00000593
dad57ce3
fff70713
cc9ff06f
00000593
00000713
da5ff06f
00060893
00068713
00050793
00058813
22069c63
0000c697
bec68693
0cc5fc63
00010337
0a667e63
0ff00313
00c37463
00800713
00e65333
006686b3
0006ce03
02000313
00ee0e33
41c30333
00030c63
006595b3
01c55e33
006618b3
00be6833
006517b3
0108d613
02c87733
01089513
01055513
0107d693
02c85833
01071713
00d766b3
03050833
0106fa63
011686b3
0116e663
0106f463
011686b3
410686b3
02c6f733
01079793
0107d793
02c6d6b3
02d506b3
01071513
00f567b3
00d7fa63
011787b3
0117e663
00d7f463
011787b3
40d787b3
0067d533
00000593
00008067
01000337
01000713
f46666e3
01800713
f45ff06f
00061663
00100613
031658b3
00010637
0ac8f263
0ff00613
01167463
00800713
00e8d633
00c686b3
0006ce03
02000313
00ee0e33
41c30333
08031863
411585b3
0108d713
01089513
01055513
0107d613
02e5f6b3
02e5d5b3
01069693
00c6e6b3
02b505b3
00b6fa63
011686b3
0116e663
00b6f463
011686b3
40b685b3
02e5f6b3
01079793
0107d793
02e5d5b3
02b505b3
01069513
00f567b3
00b7fa63
011787b3
0117e663
00b7f463
011787b3
40b787b3
f31ff06f
01000637
01000713
f6c8e2e3
01800713
f5dff06f
006898b3
01c5d733
006517b3
01c55e33
0108d513
02a776b3
006595b3
00be6e33
01089593
0105d593
010e5613
02a75733
01069693
00c6e6b3
02e58733
00e6fa63
011686b3
0116e663
00e6f463
011686b3
40e68633
02a676b3
010e1e13
010e5e13
02a65633
01069693
02c58633
01c6e5b3
00c5fa63
011585b3
0115e663
00c5f463
011585b3
40c585b3
ef1ff06f
e8d5eae3
00010737
04e6fc63
0ff00e93
00deb733
00371713
00e6d333
0000c897
99c88893
006888b3
0008ce83
02000e13
00ee8eb3
41de0e33
020e1e63
00b6e463
00c56a63
40c507b3
40d585b3
00f53533
40a58833
00078513
00080593
e39ff06f
010008b7
01000713
fb16e8e3
01800713
fa9ff06f
01d65733
01c696b3
00d766b3
0106d813
01d5d733
03077333
01c595b3
01d557b3
00b7e7b3
01069593
0105d593
0107d893
01c61633
01c51533
03075733
01031313
011368b3
02e58f33
00070313
01e8fe63
00d888b3
fff70313
00d8e863
01e8f663
ffe70313
00d888b3
41e888b3
0308ff33
0308d8b3
010f1f13
03158833
01079593
0105d593
00bf65b3
00088793
0105fe63
00d585b3
fff88793
00d5e863
0105f663
ffe88793
00d585b3
01031313
00010f37
00f36333
ffff0793
00f378b3
410585b3
01035313
01065813
00f677b3
02f88733
02f307b3
030888b3
03030333
00f888b3
01075813
01180833
00f87463
01e30333
01085793
00678333
000107b7
fff78793
00f87833
01081813
00f77733
00e80733
0065e663
00659e63
00e57c63
40c70633
00c73733
00d70733
40e30333
00060713
40e50733
00e53533
406585b3
40a585b3
01d597b3
01c75733
00e7e533
01c5d5b3
cd1ff06f
00008067
ff010113
01212023
01c52903
00812423
00912223
00112623
00050413
02052c23
02052e23
00000493
03249063
00c12083
00812403
00412483
00012903
00000513
01010113
00008067
00100593
00040513
7d9000ef
03845583
089010ef
02a41c23
fff00593
00040513
7c1000ef
03845583
071010ef
02a41c23
00049463
02a41d23
00148493
fa5ff06f
f7010113
00058613
00a12623
00c10593
05e10513
08112623
08812423
08912223
09212023
07312e23
07412c23
07512a23
07612823
07712623
07812423
07912223
07a12023
139010ef
00100513
75c010ef
00a11e23
00200513
750010ef
00a11f23
00300513
744010ef
02a11023
00400513
738010ef
02a12c23
00500513
72c010ef
3a050863
02a12e23
01c12783
00079a63
02011703
02071863
06600713
02e11023
00100713
02e79063
02011783
00079c63
341537b7
41578793
00f12e23
06600793
02f11023
03c12683
1000e7b7
f9878793
02f12223
0016f813
04011e23
0026f793
00080513
00078463
00180513
0046f793
00078863
00150513
01051513
01055513
7d000793
02a7d533
00000713
00000793
00100313
00300893
02a12a23
00f31633
00d67633
02060663
02a70e33
01c10593
00279613
00c58633
02412583
00170713
01071713
01075713
01c585b3
00b62623
00178793
fd1794e3
00080a63
01c11603
02812583
06c010ef
04a12023
03c12783
0027f793
02078263
01e11783
01c11603
02c12583
03412503
01079793
04410693
00c7e633
570000ef
03c12783
0047f793
00078a63
03012603
01c11583
03412503
1a0010ef
03812783
04079663
00100793
02f12c23
00a00413
03812783
028787b3
02f12c23
6fc010ef
01c10513
d9dff0ef
718010ef
73c010ef
74c010ef
fc050ee3
02a45433
03812503
00140413
02850433
02812c23
6cc010ef
01c10513
d6dff0ef
6e8010ef
70c010ef
00050a13
01c11503
00058a93
000104b7
00000593
65c010ef
fff48493
009575b3
01e11503
10014bb7
648010ef
009575b3
02011503
63c010ef
009575b3
03412503
630010ef
000087b7
009574b3
b0578793
22f48e63
1c97c863
000027b7
8f278793
24f48a63
000057b7
eaf78793
22f48a63
fff00413
63c010ef
03412583
00a40433
1000c537
59850513
164080ef
1000c537
000a0613
000a8693
5b050513
150080ef
000a8593
000a0513
674010ef
00050593
1000c537
5cc50513
134080ef
01041413
000a0513
000a8593
41045413
650010ef
02050663
368ba783
03812903
000a8593
000a0513
02f90933
634010ef
02a955b3
1000c537
5e450513
0f4080ef
000a0513
000a8593
618010ef
00900793
00a7ee63
1000c537
00140413
5fc50513
01041413
0cc080ef
41045413
368ba783
03812583
1000c537
63c50513
02f585b3
0b0080ef
1000c5b7
1000c537
65458593
66050513
09c080ef
1000d5b7
1000c537
c2458593
67850513
088080ef
1000c5b7
1000c537
69058593
69850513
074080ef
1000c537
00048593
6b050513
064080ef
03c12783
0017f793
26079c63
03c12783
0027f793
2a079863
03c12783
0047f793
2e079463
00000493
04400913
1000c9b7
368ba783
2ef4e263
30041663
1000c537
73c50513
01c080ef
05e10513
5b4010ef
08c12083
08812403
08412483
08012903
07c12983
07812a03
07412a83
07012b03
06c12b83
06812c03
06412c83
06012d03
00000513
09010113
00008067
00700793
02f12e23
c51ff06f
000097b7
a0278793
02f48263
0000f7b7
9f578793
e2f49ce3
1000c537
4a850513
7a9070ef
00300993
0140006f
1000c537
41850513
795070ef
00000993
1000dc37
1000dcb7
00199993
800c0c13
80cc8c93
00000413
00000913
013c0c33
1000cd37
013c8cb3
1440006f
1000c537
44850513
759070ef
00100993
fc5ff06f
1000c537
47450513
745070ef
00200993
fb1ff06f
1000c537
4d850513
731070ef
00400993
f9dff06f
04400b13
03690b33
06010793
01678b33
fdcb2783
fe0b1e23
0017f793
02078463
ff6b5603
000c5683
00d60e63
00090593
504d0513
6f1070ef
ffcb5783
00178793
fefb1e23
04400b13
03690b33
06010793
01678b33
fdcb2783
0027f793
02078663
ff8b5603
000cd683
02d60063
1000c537
00090593
53450513
6ad070ef
ffcb5783
00178793
fefb1e23
04400b13
03690b33
06010793
01678b33
fdcb2783
0047f793
02078c63
1000d7b7
81878793
013787b3
ffab5603
0007d683
02d60063
1000c537
00090593
56850513
65d070ef
ffcb5783
00178793
fefb1e23
04400793
02f907b3
06010713
00190913
01091913
01095913
00f707b3
ffc7d503
00a40433
01041413
41045413
368ba783
eef96ce3
ca1ff06f
032487b3
06010713
00048593
00148493
6cc98513
01049493
0104d493
00f707b3
ff67d603
5f1070ef
368ba783
fcf4eae3
d91ff06f
00000493
04400913
1000c9b7
fe9ff06f
032487b3
06010713
00048593
00148493
6e898513
01049493
0104d493
00f707b3
ff87d603
5ad070ef
368ba783
fcf4eae3
d59ff06f
00000493
04400913
1000c9b7
fe9ff06f
032487b3
06010713
00048593
00148493
70498513
01049493
0104d493
00f707b3
ffa7d603
569070ef
368ba783
fcf4eae3
d21ff06f
00000493
04400913
1000c9b7
fe9ff06f
032487b3
06010713
00048593
00148493
72098513
01049493
0104d493
00f707b3
ff47d603
525070ef
cf1ff06f
00805863
1000c537
78850513
cf5ff06f
1000c537
79c50513
ce9ff06f
ff010113
00812623
00061463
00100613
00000713
00000793
0100006f
00178793
02f78733
00371713
fea76ae3
fff78513
02a507b3
fff58593
ff85f593
00858593
00151293
00000e93
00100f13
000103b7
00179893
011587b3
00078f93
40f58433
08aee063
00f6a423
011787b3
fff78793
00c12403
ff87f793
00878793
00b6a223
00f6a623
00a6a023
01010113
00008067
02e60633
01071813
41085813
00130313
02766633
00c80733
01071713
41075713
00ee1023
01070733
0ff77713
01c40833
00e81023
002e0e13
01e30733
fca362e3
001e8e93
005f8fb3
01e50f33
f85ff06f
000f8e13
00000313
fe1ff06f
00251e93
00000813
00000793
00000693
00000713
04a81c63
00078513
00008067
00032e03
01c70733
02e65863
00a78793
01079793
4107d793
00000713
00188893
00430313
000e0693
fca89ce3
00180813
01d585b3
fc1ff06f
01c6a6b3
00d787b3
01079793
4107d793
fd5ff06f
00058313
00000893
fd5ff06f
00151e13
00251e93
00000793
02a79a63
00008067
00081303
00170713
00280813
02d30333
00488893
fe68ae23
fea714e3
00178793
01c60633
01d585b3
fd1ff06f
00058893
00060813
00000713
fe1ff06f
00151893
00000713
02a71663
00008067
0007d803
00168693
00278793
01060833
ff079f23
fea696e3
00170713
011585b3
fd9ff06f
00058793
00000693
fe9ff06f
00151893
00251513
00a58533
00b51463
00008067
00000793
00000713
00f60833
00f68333
00081803
00031303
00278793
02680833
01070733
fef892e3
00e5a023
01160633
00458593
fc5ff06f
00251293
00151f93
00000813
04a81e63
00008067
00171793
00f687b3
00060e93
00000313
00000e13
000e9f03
00079383
001e0e13
002e8e93
027f0f33
01f787b3
01e30333
ffc512e3
0068a023
00170713
00488893
fca710e3
00180813
005585b3
01f60633
fa9ff06f
00058893
00000713
fe5ff06f
00251393
00151293
00000313
06a31863
00008067
00189713
00e68733
00060f93
00000e93
00000f13
00071803
000f9783
001f0f13
002f8f93
030787b3
00570733
4027d813
4057d793
00f87813
07f7f793
02f807b3
00fe8eb3
fde518e3
01de2023
00188893
004e0e13
faa896e3
00130313
007585b3
00560633
f95ff06f
00058e13
00000893
fe5ff06f
fd010113
03212023
00060913
02912223
00070613
01412c23
00058493
fffffa37
00090593
02112623
01476a33
02812423
01312e23
01512a23
00070993
01612823
01712623
00050413
00068b13
e2dff0ef
00098693
00090613
00048593
00040513
dc9ff0ef
000a0613
00048593
00040513
d41ff0ef
00000593
5d1000ef
000b0693
00050b93
00090613
00048593
00040513
e29ff0ef
000a0613
00048593
00040513
00010ab7
d0dff0ef
fffa8a93
015bf5b3
599000ef
000b0693
00050b93
00090613
00048593
00040513
e3dff0ef
000a0613
00048593
00040513
cd9ff0ef
015bf5b3
569000ef
000b0693
00050b93
00090613
00048593
00040513
e81ff0ef
000a0613
00048593
00040513
ca9ff0ef
015bf5b3
539000ef
41300633
01061613
00050493
00090593
00040513
41065613
d4dff0ef
02c12083
02812403
01049513
02012903
02412483
01c12983
01812a03
01412a83
01012b03
00c12b83
41055513
03010113
00008067
ff010113
00812423
00058713
00060413
00852683
00452603
00c52583
00052503
00112623
e79ff0ef
00040593
4b9000ef
00c12083
00812403
01051513
01055513
01010113
00008067
02061e63
00051783
f007f713
01079793
0107d793
0087d793
00f767b3
00f51023
00059783
f007f713
01079793
0107d793
0087d793
00f767b3
00f59023
00251503
00259783
40f50533
00008067
fe010113
00912a23
00051483
00112e23
00812c23
4074d793
01212823
01312623
0017f793
02078263
07f4f513
01c12083
01812403
01412483
01012903
00c12983
02010113
00008067
00058413
4034d593
00f5f793
00479593
0074f713
00f5e5b3
00050993
03845783
02070a63
00100693
00048913
06d71263
00078613
02840513
eedff0ef
03c45783
01051913
41095913
04079463
02a41e23
0400006f
02200693
00058713
00d5d463
02200713
00241683
00041603
01442583
01842503
0ff77713
121000ef
03e45783
01051913
41095913
00079463
02a41f23
03845583
01091513
01055513
33d000ef
02a41c23
f004f493
07f97513
009564b3
0804e493
00999023
f2dff06f
fe010113
00912a23
00058493
00060593
00112e23
00812c23
00c12623
ee1ff0ef
00c12603
00050413
00048513
00060593
ecdff0ef
40a40533
01c12083
01812403
01412483
02010113
00008067
00050813
00062503
00850893
04e8f463
0006a703
00470313
02f37e63
01162023
00082783
00f52023
00a82023
00e52223
0006a783
00059703
00478793
00f6a023
00452783
00e79023
00259703
00e79123
00008067
00000513
00008067
00052783
00452703
0047a683
00d52223
00e7a223
0007a703
00e52023
0007a023
00078513
00008067
00259783
0207d463
02050a63
00452783
0007c703
00059783
00f71463
00008067
00052503
fe5ff06f
00052503
00050863
00452703
00271703
fef718e3
00008067
00050793
00000513
00079463
00008067
0007a703
00a7a023
00078513
00070793
fe9ff06f
fd010113
01412c23
01512a23
01812423
01912223
01a12023
02112623
02812423
02912223
03212023
01312e23
01612823
01712623
00058c13
00060c93
00050a13
00100a93
00100d13
000a0493
00000b93
00000b13
00000a13
00049a63
000b2023
097d5a63
001a9a93
fe1ff06f
001b8b93
00048413
00000913
01595863
00042403
00190913
fe041ae3
000a8993
00091a63
01305463
04041663
00040493
fbdff06f
00098463
02041463
00040793
00048413
0004a483
fff90913
020b0a63
008b2023
00040b13
00078413
fc5ff06f
00442583
0044a503
000c8613
000c00e7
fca056e3
00042783
fff98993
fd1ff06f
00040a13
fd1ff06f
02c12083
02812403
000a0513
02412483
02012903
01c12983
01812a03
01412a83
01012b03
00c12b83
00812c03
00412c83
00012d03
03010113
00008067
fb010113
04912223
03712623
02452483
00451b83
05212023
03412c23
03512a23
03612823
03812423
04112623
04812423
03312e23
00050613
00058a93
00011e23
00b11f23
00000c13
00000b13
00000913
00000a13
010a1413
41045413
0d7c4663
00291913
41690933
01240433
01041413
01045413
01505c63
100025b7
00048513
8f058593
e4dff0ef
00050493
0004a503
db5ff0ef
00050993
01c10593
00048513
dcdff0ef
00050913
00051463
0004a903
14091063
0004a783
0049a703
100015b7
0047a683
00048513
00000613
00d9a223
00e7a223
0007a703
7a058593
00e9a023
0137a023
dedff0ef
00052483
00050913
12049063
00040513
04c12083
04812403
04412483
04012903
03c12983
03812a03
03412a83
03012b03
02c12b83
02812c03
05010113
00008067
0ffc7793
01c10593
00048513
00c12623
00f11e23
d31ff0ef
00050993
00048513
d65ff0ef
00050493
00c12603
04099663
00052783
001b0b13
010b1b13
0047a783
010b5b13
00178783
0017f793
00f40433
01041a13
010a5a13
01e11783
0007c663
00178793
00f11f23
001c0793
01079c13
410c5c13
eb9ff06f
0049a703
00190913
01091913
00071783
01095913
0017f713
00070c63
4097d793
0017f793
00f40433
01041a13
010a5a13
0009a783
fa0786e3
0007a703
00e9a023
0004a703
00e7a023
00f4a023
f95ff06f
0044a783
00040593
00079503
6ec000ef
01051413
01045413
00092903
ea5ff06f
00492783
00040593
00079503
6cc000ef
01051413
01045413
0004a483
ec5ff06f
fc010113
02812c23
01400413
02855433
02912a23
03212823
03312623
03412423
03512223
02112e23
ffff87b7
0005a023
08078793
00058993
00060913
01810693
00c10613
00098513
00000a13
ffe40413
00341493
009584b3
0095a223
00f49023
00049123
00858793
00f12623
00448793
00f12c23
00241a93
800007b7
fff7c793
01548ab3
00f12e23
00048713
000a8793
01c10593
b25ff0ef
048a6e63
00500513
02a45433
0009a783
00004637
00100713
fff60613
0007a583
08059463
100015b7
00098513
00000613
7a058593
bd5ff0ef
03c12083
03812403
03412483
03012903
02c12983
02812a03
02412a83
04010113
00008067
010a1713
01075713
012747b3
00379793
00777713
0787f793
00e7e7b3
00879713
00f767b3
00f11e23
00048713
000a8793
01810693
00c10613
01c10593
00098513
a85ff0ef
001a0a13
f5dff06f
0047a503
00877a63
00e51123
00170713
00058793
f61ff06f
01071693
0106d693
00168793
00879793
7007f793
0126c6b3
00d7e7b3
00c7f7b3
00f51123
fd1ff06f
ff010113
1000d337
1000de37
1000deb7
1000df37
1000dfb7
00812623
00912423
01212223
01312023
fff50293
00000713
00000793
00000693
02c00393
00400413
87830313
824e0e13
858e8e93
888f0f13
868f8f93
00f688b3
00188913
02596063
0aa6ea63
00c12403
00812483
00412903
00012983
01010113
00008067
02078863
00000813
010704b3
0004c983
010684b3
009604b3
01348023
00180813
ff0794e3
011608b3
00788023
00090693
00158593
01059593
4105d593
0075f713
ffd70713
01071713
0015d793
01075713
00c7f793
00e46a63
00271713
01c70733
00072703
00070067
00f307b3
0007a703
00400793
f65ff06f
00ff87b3
0007a703
00800793
f55ff06f
00ff07b3
ff1ff06f
00fe87b3
fe9ff06f
00d607b3
00078023
00168693
f41ff06f
00052683
1000d837
00000713
00100313
02c00e13
00700e93
83880813
00900613
04500f13
02e00893
0006c783
00078463
00671863
00d52023
00070513
00008067
00168693
ffc788e3
feeee0e3
00271f93
010f8fb3
000faf83
000f8067
fd078f93
0fffff93
00400713
03f67663
fd578f93
0fdfff93
00200713
000f8e63
00500713
01178a63
0045a783
00100713
00178793
00f5a223
0005a783
00178793
00f5a023
f89ff06f
0085a703
fd078f93
0fffff93
00170713
01f67a63
01179e63
00e5a423
00500713
f65ff06f
00e5a423
00400713
f59ff06f
00e5a423
00100713
f4dff06f
01179a63
0105a783
00178793
00f5a823
fd1ff06f
fd078793
0ff7f793
f2f676e3
0105a783
00178793
00f5a823
fcdff06f
0df7ff93
01ef9c63
0145a783
00300713
00178793
00f5aa23
f01ff06f
fd078793
0ff7f793
eef67ae3
0145a783
00178793
00f5aa23
f95ff06f
00c5a703
fd578793
0fd7f793
00170713
00e5a623
00600713
f6079ce3
ec5ff06f
0185a703
fd078793
0ff7f793
00170713
00e5ac23
00700713
eaf674e3
f55ff06f
fd078793
0ff7f793
e8f67ce3
0045a783
00178793
00f5a223
f39ff06f
f8010113
06812c23
06912a23
07212823
07312623
07412423
00058413
00078913
00b12e23
06112e23
00050493
00068a13
00070993
00000593
02000793
04010713
00b70733
00072023
02010713
00b70733
00072023
00458593
fef592e3
01c12783
0007c783
08079a63
00812e23
009404b3
02c00713
01c12783
0a97e863
00812e23
01c12783
0007c783
0c079063
00812e23
02c00713
01c12783
0c97ec63
00000413
02000493
02010793
008787b3
0007a503
00090593
1c8000ef
04010793
008787b3
00050593
0007a503
00440413
1b0000ef
00050913
fc9418e3
07c12083
07812403
07412483
07012903
06c12983
06812a03
08010113
00008067
04010593
01c10513
00c12623
d59ff0ef
06010793
00251513
00a78533
fc052783
00c12603
00178793
fcf52023
f39ff06f
0007c583
00e58663
00c5c5b3
00b78023
01c12783
013787b3
00f12e23
f31ff06f
04010593
01c10513
d0dff0ef
06010793
00251513
00a78533
fc052783
00178793
fcf52023
f15ff06f
0007c603
00e60663
01464633
00c78023
01c12783
013787b3
00f12e23
f09ff06f
fff50513
00400793
04a7ea63
1000d7b7
94878793
00251513
00f50533
00052783
00078067
1000e7b7
bf87a503
00008067
1000e7b7
bfc7a503
00008067
100147b7
36c7a503
00008067
8081a503
00008067
1000e7b7
c007a503
00008067
00000513
00008067
000046b7
00800793
00268693
ffff8637
00a5c733
00177713
00155513
00070463
00d5c5b3
0015d593
00070863
00c5e5b3
01059593
0105d593
fff78793
0ff7f793
fc0798e3
00058513
00008067
ff010113
00812423
00050413
0ff57513
00112623
fa1ff0ef
00050593
00845513
00812403
00c12083
01010113
f89ff06f
01051513
01055513
fc9ff06f
ff010113
00812423
00050413
01051513
01055513
00112623
fadff0ef
00050593
01045513
00812403
00c12083
01010113
f95ff06f
00000513
00008067
ff010113
00112623
3b1060ef
3b8060ef
00c12083
1000e7b7
bea7a023
beb7a223
01010113
00008067
ff010113
00112623
3bd060ef
390060ef
00c12083
1000e7b7
bea7a423
beb7a623
01010113
00008067
1000e5b7
1000e537
be858593
be050513
3680606f
ff010113
00112623
380060ef
000f47b7
23f78793
00f507b3
00a7b733
000f4637
00078513
24060613
00000693
00b705b3
dcdfd0ef
00c12083
3e800793
02f55533
01010113
00008067
fe010113
00112e23
00a12623
2c9060ef
00c12503
00100793
00f50023
01c12083
02010113
00008067
00050023
00008067
ff010113
00912223
00060493
1000d637
00812423
97060613
00058413
00000593
00112623
1fd030ef
00040513
00812403
00c12083
00048593
00412483
01010113
e14fe06f
1000d5b7
1000d537
98458593
99450513
0980006f
00000513
00008067
0005a783
00178793
00f5a023
80c1a303
00030067
0085a703
0005a783
00170613
00078663
0045a683
00d74663
00c5a423
00008067
fff68693
00c5a423
00e787b3
00e69663
00078023
00008067
00a78023
00008067
80a1a623
00008067
fe010113
00050613
10002537
00058693
5c050513
00c10593
00112e23
00012623
2c8000ef
01c12083
02010113
00008067
fc010113
02b12223
02410593
00112e23
02c12423
02d12623
02e12823
02f12a23
03012c23
03112e23
00b12623
fa5ff0ef
01c12083
04010113
00008067
fe010113
00812c23
00a12223
00050413
10002537
00b12423
5d450513
00410593
00112e23
00012623
254000ef
00c12503
00812783
00f55663
00a40433
00040023
01c12083
01812403
02010113
00008067
fc010113
02d12623
02c10693
00112e23
02e12823
02f12a23
03012c23
03112e23
00d12623
f8dff0ef
01c12083
04010113
00008067
ff010113
00050793
00058513
00060593
00068613
00112623
000780e7
404080ef
508080ef
fd010113
02812423
03212023
01312e23
01712623
01812423
01912223
02112623
02912223
01412c23
01512a23
01612823
00364783
00068913
06f00693
00050c13
00058c93
00060b93
fbf78993
00800413
00d78c63
0cf6e463
05800693
01000413
00d78463
00a00413
00070493
00000a93
00900a13
01900b13
00040613
00000693
000c0513
000c8593
f61fd0ef
0ff57793
0aaa6663
03078793
0ff7f793
fff48493
00f48023
00040613
00000693
000c0513
000c8593
b01fd0ef
019a9463
008c6463
06996863
000bd783
0207f793
00078c63
00800793
06f41e63
002bc783
0087e793
00fb8123
02c12083
02812403
00048513
02012903
02412483
01c12983
01812a03
01412a83
01012b03
00c12b83
00812c03
00412c83
03010113
00008067
07000693
01000413
f4d782e3
07800693
f35ff06f
00050c13
00058c93
f41ff06f
013b6663
03778793
f55ff06f
05778793
f4dff06f
01000793
f8f418e3
002bc783
0107e793
f81ff06f
fe010113
00812c23
00912a23
01212823
00112e23
00050493
00058913
00060413
40c40533
00d46863
02069863
00044783
02078463
00140413
fff44503
00090593
00d12623
00c12423
000480e7
00812603
00c12683
fc0556e3
01c12083
01812403
01412483
01012903
02010113
00008067
f7010113
07512a23
1000dab7
9f4a8793
07612823
1000db37
07712623
07812423
00f12223
1000dbb7
a19b0793
1000dc37
08912223
09212023
07312e23
07912223
07a12023
08112623
08812423
07412c23
05b12e23
00050913
00058993
00060c93
00068d13
00000493
00f12423
a14b8b93
9e0c0c13
000cc403
00041663
00048513
2090006f
02500793
001c8a13
02f40463
00098593
00040513
000900e7
1e0546e3
00148493
000d0413
00040d13
000a0c93
fc5ff06f
02000613
00000593
03010513
518060ef
001cc783
0a879063
002c8a13
04f101a3
04015783
1007f713
56070263
000d2d83
004d0413
000dd863
0047e793
04f11023
41b00db3
04015703
40077793
56078063
00042a83
00440413
000ad863
dff77713
04e11023
fff00a93
04012583
04012223
04012423
0105d693
00b5d713
0076f693
00100613
00f77713
5cc69e63
00d70693
00f6f693
00400613
56d66063
1000d637
00269693
9cc60613
00c686b3
0006a683
00068067
00000813
00000713
00000313
00000693
00000893
00000e13
00000613
00000513
00000593
02b00e93
02d00f13
03000f93
02000293
02300393
000a4783
15d78a63
12feee63
14578e63
16778063
00050c63
00259513
04015583
ffb5f593
00a5e5b3
04b11023
000e0c63
00361593
04015603
ff767613
00b66633
04c11023
00088863
04015603
01066613
04c11023
00030c63
00569613
04015683
fdf6f693
00c6e6b3
04d11023
00080c63
00671693
04015703
fbf77713
00d76733
04e11023
04012703
04400693
04477713
00d71863
04015703
fbf77713
04e11023
04015703
08076693
04d11023
02a00693
10d79c63
001a0793
18076713
04e11023
0007c603
fd260713
00173713
00971693
04015703
dff77713
00d76733
04e11023
02e00693
10d61263
0017c603
02a00693
0ed60663
00178793
00000713
00900613
00a00813
0007c683
00178513
fd068593
14b67c63
04012683
04e12423
01f75713
0016d693
0016f693
00d76733
04015683
00171713
ffd6f693
00e6e733
04e11023
0a80006f
03e78c63
edf796e3
00100813
00100713
00c0006f
00100e13
00100613
001a0a13
e9dff06f
00100893
ff5ff06f
00100313
00100693
fe9ff06f
00100513
00100593
fddff06f
03070733
00050793
fd070713
00e68733
0007c683
00178513
fd068593
feb672e3
f0fa0ce3
04015683
04e12223
01f75713
00171713
ffd6f693
00e6e733
ef9ff06f
000a0793
00000713
00900613
00a00813
fc1ff06f
40076713
04e11023
00278793
0007c603
06a00713
00178593
10e60663
08c76263
04c00713
14e60a63
06800713
0ae60663
00078593
0005c703
06700793
00158a13
04e101a3
1ae7e063
06500793
14f77e63
05800793
22f70863
12e7ee63
04100793
14f70463
00f76a63
fbb70713
0ff77713
00200793
12e7fa63
04015783
0017e793
04f11023
00000793
1340006f
03070733
00050793
fd070713
00d70733
e8dff06f
07400713
0ae60e63
07a00713
08e60a63
06c00713
f6e61ee3
04015503
0017c803
ffff86b7
7ff68713
00a77733
04c81663
000026b7
0240006f
04015503
0017c803
ffff86b7
7ff68713
00a77733
00c81e63
000016b7
80068693
00d76733
04e11023
00278593
f31ff06f
000017b7
00f76733
04e11023
f21ff06f
000027b7
80078793
fedff06f
04015783
ffff8737
7ff70713
00e7f7b3
00003737
80070713
0180006f
04015783
ffff8737
7ff70713
00e7f7b3
00003737
00e7e7b3
04f11023
ed9ff06f
04015783
ffff8737
7ff70713
00e7f7b3
00004737
fc5ff06f
04015783
ffff8737
7fd70713
00e7f7b3
00004737
00270713
fc5ff06f
06300793
0ef70663
06e7e463
06100793
ecf71ae3
04214783
ff87f793
0047e793
04f10123
00100793
04012703
00175713
00177713
00e7e7b3
04015703
00179793
ffd77713
00f767b3
04f11023
b79ff06f
07000793
08f70463
06e7e663
06e00793
0af70063
08e7e663
06900793
e6f71ce3
04214783
ff87f793
0017e793
04015683
04f10123
000087b7
80078793
00d7f7b3
00004637
00c79663
0016e693
04d11023
06300693
00000793
f8d710e3
04015703
000087b7
80078793
00e7f7b3
00f037b3
f69ff06f
07500793
02f70463
07800793
02f70063
07300793
e0f716e3
04214783
ff87f793
0037e793
04f10123
fc1ff06f
04214783
ff87f793
0027e793
f81ff06f
04214783
04015703
ff87f793
0037e793
04f10123
000087b7
80078793
00e7f7b3
ffffc737
00e787b3
0017b793
efdff06f
0807f793
00078863
04412d83
000d0413
aa9ff06f
000d0413
fff00d93
a9dff06f
20077713
fff00a93
aa070ae3
04812a83
aadff06f
00440513
00042683
02d12823
41f6d693
01c0006f
00740413
ff847413
00042603
00442683
00840513
02c12823
02d12a23
00050413
02c0006f
00042683
00440413
02d12823
41f6d693
02d12a23
00100693
02d71c63
03014683
02d12823
02012a23
0035f593
10058e63
000a0693
000c8613
00098593
00090513
8a5ff0ef
38054c63
00a484b3
9b1ff06f
00200693
fcd71ae3
03011683
02d12823
41f6d693
02d12a23
fc1ff06f
00200613
06c69663
00d70693
00f6f693
00400613
02d66a63
00269693
018686b3
0006a683
00068067
04314603
06300693
00440513
f2d606e3
00042683
02012a23
02d12823
f49ff06f
00042683
02012a23
00440413
02d12823
00100693
f4d70ae3
00200693
f4d71ce3
03015683
f49ff06f
00400613
04c69a63
00800693
02d71863
00042683
0006a803
0046a503
0086a603
00c6a683
03012823
02a12a23
02c12c23
02d12e23
00440413
f15ff06f
00740413
ff847693
0006a603
00868413
0046a683
02c12823
f35ff06f
00300613
eec698e3
00042683
02d12823
fcdff06f
04314683
06e00613
20c68463
0cd66063
06300713
16e68663
00d76e63
02500713
10e68c63
05800713
88e696e3
00000b13
0580006f
06400713
00e68663
06900713
86e69ae3
04015703
02b00b13
00877693
00069863
01077813
01003b33
005b1b13
03412703
03012683
02075063
40d006b3
00d03633
40e00733
40c70733
02d12823
02e12a23
02d00b13
03012503
03412583
02e10713
01810693
04010613
d9cff0ef
00050c93
02e10d13
0c0ac263
04015683
419d0733
fbf6f693
04d11023
0b577863
40ea87b3
04f12223
0a40006f
07300713
08e68063
04d76a63
06f00713
f4e688e3
07000713
fce69863
03012503
16050663
02e10713
01810693
04010613
00000593
d38ff0ef
04215703
000086b7
81068693
0ef77713
00d76733
00050c93
04e11123
00000b13
f81ff06f
07500713
f0e680e3
07800713
ef5ff06f
00098593
02500513
000900e7
14054863
00148493
f68ff06f
03012c83
020ac063
000a8593
000c8513
365050ef
00ac8d33
00000b13
020c9463
f44ff06f
000c8513
32d050ef
fe9ff06f
03012783
00000b13
01910d13
00f10c23
01810c93
419d07b3
000b0463
00178793
04214703
01077693
0c068063
00278793
04412683
04077713
00d787b3
00070663
04812703
00e787b3
13b05063
40fd8db3
04012783
0027d793
0017f793
10079663
04015783
0407f793
0e078463
000b0e63
00098593
000b0513
000900e7
08054c63
00148493
00000b13
03000713
0c80006f
00700693
03012783
e8e6ee63
00412683
00271713
00d70733
00072703
00070067
00978023
e80ff06f
00979023
e78ff06f
41f4d713
0097a023
00e7a223
e68ff06f
0097a023
e60ff06f
00000b13
00812d03
000b8c93
f31ff06f
00877693
f40682e3
00178793
f3dff06f
00070513
00098593
00e12623
000900e7
000d8793
00c12703
04055663
08c12083
08812403
08412483
08012903
07c12983
07812a03
07412a83
07012b03
06c12b83
06812c03
06412c83
06012d03
05c12d83
09010113
00008067
02000713
000d8793
009d8ab3
40fa84b3
fff78d93
f8f04ae3
000b0c63
00098593
000b0513
000900e7
f8054ee3
00148493
04012783
00b79713
00074663
00c79713
00075c63
00098593
03000513
000900e7
f6054ae3
00148493
04214783
0107f793
00078c63
04314503
00098593
000900e7
f4054ae3
00148493
04412783
00978ab3
409a8733
04e04263
000d0693
000c8613
00098593
00090513
c34ff0ef
f20544e3
009504b3
009d8db3
409d87b3
d2f05c63
00098593
02000513
000900e7
f00544e3
00148493
fe5ff06f
00098593
03000513
000900e7
ee0548e3
00148493
fa5ff06f
80000537
00008067
01852803
00050713
00852683
01052503
04080263
0106f833
00072783
00f507b3
40d787b3
00f67463
00060793
41050633
00078513
00f67463
00060513
01472783
00a686b3
01078833
0105a023
00d72423
00008067
02a6f833
fc1ff06f
fe010113
00812c23
00b12623
00050413
00112e23
f89ff0ef
00442683
00c12583
01042783
00042703
00b685b3
00e78733
02b76a63
00000713
00d57663
02f55533
02f50733
40e585b3
00b42223
00b42423
00000513
01c12083
01812403
02010113
00008067
fea00513
fedff06f
fd010113
02912223
03212023
01312e23
01412c23
02112623
02812423
00050a13
00058993
00060913
00000493
00090613
00c10593
000a0513
f01ff0ef
00050413
00050613
00c12503
00098593
40890933
0f1050ef
008484b3
008989b3
00090463
fc0416e3
00048593
000a0513
f29ff0ef
02c12083
02812403
00048513
02012903
02412483
01c12983
01812a03
03010113
00008067
fe010113
00812c23
00c52783
00452403
00912a23
00112e23
01212823
00050493
02f47463
01052903
00c12623
00b12423
e6dff0ef
03255533
00c12603
00812583
03250533
00a40433
0184a703
00c4a783
0104a503
04070663
00e7f733
40f40433
00867463
00060413
40e50533
00a47463
00040513
0144a683
01c12083
01812403
00e68733
00e5a023
00a787b3
00f4a623
01012903
01412483
02010113
00008067
02a7f733
fb9ff06f
fe010113
01212823
00c52703
00452903
00812c23
00912a23
00112e23
01312623
00050493
00058413
00000793
00e97c63
01052983
dc1ff0ef
033557b3
033787b3
00f90933
0004a583
fea00513
00b405b3
00b96a63
40f585b3
00b4a023
00b4a623
00000513
01c12083
01812403
01412483
01012903
00c12983
02010113
00008067
fd010113
02912223
03212023
01312e23
01412c23
02112623
02812423
00050a13
00058913
00060993
00000493
00098613
00c10593
000a0513
ea1ff0ef
00050413
00090c63
00c12583
00050613
00090513
734050ef
00890933
408989b3
008484b3
00098463
fc0414e3
00048593
000a0513
f11ff0ef
02c12083
02812403
00048513
02012903
02412483
01c12983
01812a03
03010113
00008067
0085f593
00058a63
fbf50793
01900713
00f76463
02050513
00008067
fb010113
04112623
04812423
04912223
05212023
03312e23
03412c23
03512a23
03612823
03712623
03812423
03912223
03a12023
01b12e23
00d12223
04051263
00100513
04c12083
04812403
04412483
04012903
03c12983
03812a03
03412a83
03012b03
02c12b83
02812c03
02412c83
02012d03
01c12d83
05010113
00008067
00058a93
fa058ee3
00412783
00050b93
00300513
fa0788e3
00467793
00060413
00058493
00f12423
00267a13
00167b13
000bc503
00040593
001b8993
f29ff0ef
0ff57c13
03f00793
0ff57513
0004c903
06f50a63
02a7c463
04050a63
02a00793
0af50263
00040593
00090513
00148493
ef5ff0ef
06ac0263
f49ff06f
05b00793
18f50063
05c00793
fcf51ee3
fc0b1ce3
001bc503
00040593
ecdff0ef
0ff57c13
fc0c02e3
002b8993
fbdff06f
01047413
00040663
02f00793
f0f906e3
01203533
f05ff06f
ee090ee3
02f00793
00f91a63
ee0a18e3
00148493
00098b93
f55ff06f
02e00713
fee918e3
00812703
fe0704e3
ed5488e3
fe0a00e3
fff4c703
fcf71ce3
ec1ff06f
001bc503
00040593
02a00b93
e55ff0ef
0ff57513
05750a63
02e00793
02f91063
00812783
00078c63
e9548ae3
000a0863
fff4c703
02f00793
e8f702e3
04051263
00247513
e6050ee3
01047413
00000513
e60418e3
02f00593
00048513
3b0050ef
00a03533
e5dff06f
00198993
0009c503
00040593
dedff0ef
0ff57513
f99ff06f
02f00793
04f51e63
040a0c63
00048513
02f00593
378050ef
00050493
f2051ce3
e1dff06f
000a0693
000a8613
00048593
00098513
dc9ff0ef
e16514e3
01791463
de0c1ee3
00148493
0004c503
00040593
d91ff0ef
0ff57913
fc0916e3
de1ff06f
00412783
ffb47a93
00100b13
fff78a13
02f00b93
00247c13
fd1ff06f
dc0900e3
02f00793
00f91463
da0a1ae3
00040593
00090513
d4dff0ef
00050c13
da0980e3
001bc783
02100713
00e78663
05e00713
06e79663
00100793
002b8d93
00f12023
00100613
00000b93
000dc503
00040593
00c12623
d0dff0ef
0ff57d13
05d00793
001d8c93
00c12603
04fd1063
06061463
00012783
d57784e3
d40c82e3
fff00793
00fc9863
05b00793
d2f91ae3
00098c93
00148493
000c8993
e3dff06f
00098d93
00012023
f9dff06f
02f00793
fcfd0ce3
05c00793
00fd1e63
000b1e63
001dc503
00040593
002d8c93
c99ff0ef
0ff57d13
ce0d06e3
000cc783
02d00713
04e79c63
001cc503
00040593
c79ff0ef
0ff57513
04050263
05d00793
02f50e63
05c00793
002c8d93
02f51063
000b1e63
002cc503
00040593
003c8d93
c49ff0ef
0ff57513
c8050ee3
01ac4c63
01854a63
00100b93
00c0006f
000c8d93
ffac0ae3
00000613
f09ff06f
04000693
c35ff06f
00008067
ff010113
00112623
475040ef
00800793
3007a7f3
10500073
00c12083
01010113
00008067
00100793
00a79533
30452573
00008067
00800793
3007b7f3
30405073
34405073
00008067
ff010113
00112623
00812423
00050413
200060ef
00855793
01055713
1000d637
01855693
0ff7f793
00040513
0ff77713
acc60613
00000593
344020ef
00c12083
00812403
00000513
01010113
00008067
ff010113
00812423
00112623
00050413
564070ef
00a00693
02a686b3
1000d637
00040513
abc60613
00000593
300020ef
00c12083
00812403
00000513
01010113
00008067
ff010113
00112623
00812423
00050413
7c4050ef
1000d637
00050693
a9060613
00040513
00000593
2c0020ef
1000d637
00040513
ab060613
00000593
2ac020ef
10004537
00040593
d9c50513
439050ef
00c12083
00812403
00000513
01010113
00008067
fe010113
00812c23
00050593
00050413
10004537
f1850513
00112e23
405050ef
100136b7
00000813
4e068713
0aa00613
00e807b3
0007c783
00c79c63
00180813
80080793
fe0796e3
00001837
80080813
000017b7
80078793
410788b3
06400713
02e88733
1000d637
00040513
00f12023
4e068693
a4860613
00000593
00b75713
00e12223
00000713
1fc020ef
01c12083
01812403
00000513
02010113
00008067
fc010113
02812c23
02912a23
03212823
02112e23
00050413
00058493
0b052903
475050ef
00a12623
569060ef
00c12783
0ca40663
1000d6b7
ba068693
00079663
1000d7b7
ba478793
1000d637
00040713
00048513
ba860613
00000593
188020ef
02842803
02c42883
00e40703
00c44683
1000d637
bb460613
00000593
00048513
164020ef
00040513
415050ef
00a12623
07440593
01000613
01010513
080050ef
00c12683
1000d637
01010713
be060613
00000593
00048513
12c020ef
02c10593
00040513
781050ef
00050693
02050e63
1000d637
bf860613
00000593
00048513
104020ef
03c12083
03812403
03412483
03012903
04010113
00008067
1000d6b7
b9c68693
f39ff06f
02c12703
06400893
1000d637
40e907b3
031788b3
00090813
00090693
c2860613
00000593
00048513
0328d8b3
0b0020ef
fadff06f
ff010113
00112623
00812423
00050413
58c050ef
1000d637
00050693
a3060613
00040513
00000593
080020ef
00c12083
00812403
00000513
01010113
00008067
fd010113
02812423
02912223
03212023
02112623
00050493
00058913
0b052403
01c10593
6a5050ef
02050a63
1000d637
00050693
bf860613
00000593
00090513
028020ef
02c12083
02812403
02412483
02012903
03010113
00008067
00048513
2b9050ef
01c12803
06400613
00050713
410408b3
02c88633
02865633
00051663
1000d737
ba470713
00c12223
1000d637
00812023
00040793
00048693
ae860613
00000593
00090513
7c1010ef
f99ff06f
00052783
ff010113
00812423
00112623
00058413
00078663
0007c703
02071063
00060593
1000d637
00050693
da860613
00040513
765040ef
00040793
00c12083
00812403
00078513
01010113
00008067
ff010113
00812423
0085a603
0005a403
0045a583
00112623
f99ff0ef
1000d637
00050693
d9060613
00040513
00000593
739010ef
00c12083
00812403
00000513
01010113
00008067
fa010113
04912a23
00050493
00c10513
04112e23
04812c23
05212823
05312623
05412423
05512223
05612023
03712e23
03812c23
01800913
4a4050ef
03250933
00c12503
1000d637
d7460613
00000593
1000d9b7
1000da37
01c10a93
1000db37
d6098993
01250933
00048513
6b5010ef
00c12403
d68a0a13
1000dbb7
10004c37
03246c63
05c12083
05812403
05412483
05012903
04c12983
04812a03
04412a83
04012b03
03c12b83
03812c03
00000513
06010113
00008067
000a8593
01400613
00040513
ea5ff0ef
00050693
d80b0613
00000593
00048513
649010ef
00040513
428050ef
00098693
00051463
000a0693
d88b8613
00000593
00048513
625010ef
01400793
00040513
01010613
018c0593
00912823
01512a23
00f12c23
01840413
40c050ef
f5dff06f
00259713
1000d7b7
00158593
db078793
00259593
fc010113
00e78733
00b787b3
02812c23
03412423
00072403
0007aa03
02912a23
03312623
03512223
02112e23
03212823
00050993
00000493
1000dab7
03446663
03c12083
03812403
00048513
03012903
03412483
02c12983
02812a03
02412a83
04010113
00008067
00040513
360050ef
00050913
02050663
01400613
00c10593
00040513
da9ff0ef
00050693
da0a8613
00000593
00098513
54d010ef
00090493
01840413
f99ff06f
1000d637
ff010113
00000593
d1860613
00812423
00112623
00050413
521010ef
00000593
00040513
f1dff0ef
00051c63
1000d637
d2860613
00000593
00040513
4fd010ef
1000d637
00000593
00040513
d3060613
4e9010ef
00100593
00040513
ee5ff0ef
00051c63
1000d637
d2860613
00000593
00040513
4c5010ef
1000d637
00000593
00040513
d4060613
4b1010ef
00200593
00040513
eadff0ef
00051c63
1000d637
d2860613
00000593
00040513
48d010ef
1000d637
00000593
00040513
d5060613
479010ef
00300593
00040513
e75ff0ef
00051c63
1000d637
d2860613
00000593
00040513
455010ef
00c12083
00812403
00000513
01010113
00008067
fe010113
01512223
00112e23
00812c23
00912a23
01212823
01312623
01412423
ffe58793
00200a93
0efae663
00060413
00050993
00442503
00058a13
01000613
00000593
778040ef
00050913
02000493
015a0c63
00842503
00a00613
00000593
75c040ef
0ff57493
1000d637
00048693
e9460613
00000593
00098513
3c1010ef
00400793
08fa0c63
01000793
04f48e63
02000793
06f48263
00800793
06f49263
00094703
0ff77713
1000d637
00000793
ec460613
00000593
00098513
381010ef
00000513
01c12083
01812403
01412483
01012903
00c12983
00812a03
00412a83
02010113
00008067
00095703
01071713
01075713
fb5ff06f
00092703
fadff06f
1000d637
eac60613
00000593
00098513
32d010ef
fea00513
fadff06f
00c42503
01000613
00000593
694040ef
1000d637
00050693
00050413
ed860613
00000593
00098513
2f9010ef
01000793
02f48063
02000793
02f48463
00800793
faf492e3
0ff47413
00890023
f59ff06f
01041413
01045413
00891023
f49ff06f
00892023
f41ff06f
ff010113
00812423
00912223
1000e437
01212023
00112623
c3444783
00050493
00058913
c3440413
02058a63
02078863
1000d637
f1060613
00200593
27d010ef
ff000513
00c12083
00812403
00412483
00012903
01010113
00008067
0017c793
00f40023
02078063
1000d637
f4c60613
00000593
00048513
241010ef
00100793
00f40023
00048513
00090593
2e5010ef
00000513
fb1ff06f
fd010113
1000e7b7
03212023
c007a623
1000e937
1000e7b7
02812423
01312e23
01412c23
01512a23
01612823
01712623
01812423
01912223
01a12023
c2090aa3
02112623
02912223
00050a13
00058993
00060413
c007aa23
c3590913
00100b13
1000dab7
1000dbb7
02d00c13
1000dcb7
00100d13
00442483
073b7263
00200613
ef0a8593
00048513
01d040ef
00000693
00051863
00442783
0027c683
00d036b3
00d484b3
00200613
ef4b8593
00048513
7f4040ef
00051a63
01a90023
00440413
fff98993
fb1ff06f
ef0a8593
00048513
7b0040ef
08051263
00440413
00442503
00000613
00000593
324040ef
1000e7b7
c0a7a223
00442503
00000613
00000593
30c040ef
1000e7b7
100045b7
c0a7a823
6e058593
000a0513
e51ff0ef
02c12083
02812403
02412483
02012903
01c12983
01812a03
01412a83
01012b03
00c12b83
00812c03
00412c83
00012d03
00000513
03010113
00008067
0004c783
f98790e3
0014c783
f6078ce3
00048693
ef8c8613
00000593
000a0513
0a9010ef
f41ff06f
ff010113
1000e7b7
00912223
00050493
c367c503
00112623
00812423
01800693
c3678713
00d51863
0005c683
01100793
0ef68063
00c586b3
00158793
fff60613
01800513
01100813
0af69863
00c58633
00064783
0005c683
1000e437
00f70023
fd068793
0ff7f793
00900713
c0c40413
00f77c63
fdf6f793
fbf78793
0ff7f793
00500713
02f76063
00042703
1000e7b7
c0878793
00e787b3
00170713
00d78023
00e42023
00042703
00200793
10f71863
1000e537
01000613
00000593
c0850513
360040ef
1000e7b7
c0478793
0007a703
00042023
00a70023
00170713
00e7a023
1000e7b7
c1478793
0007a703
00170713
00e7a023
0c80006f
fff7c883
00a89663
0007c883
01088663
00178793
f3dff06f
1000e437
c1442683
1000d637
e7860613
00000593
00048513
778010ef
00000593
00048513
cb5ff0ef
1000e7b7
c357c703
c1440413
06071c63
00042783
1000e6b7
00010537
c106a583
00400893
c1068693
f0050513
00ff0337
06f8c463
00070663
00b6a023
00f42023
0037f713
08071863
0006a583
00010637
f0060613
0005a783
01879693
0187d713
00d76733
0087d693
00c6f6b3
00d76733
00879793
00ff06b7
00d7f7b3
00f767b3
00f5a023
00c12083
00812403
00412483
01010113
00008067
0005a703
ffc78793
00458593
01871813
01875613
01066633
00875813
00a87833
00871713
01066633
00677733
00e66733
fee5ae23
00100713
f61ff06f
00400713
02e7e7b3
00200713
02e79663
0006a683
0006a703
00875793
0ff7f793
00871713
00e7e7b3
01079793
0107d793
00f6a023
f7dff06f
00300713
f6e79ae3
0006a603
00ff05b7
00062703
01075793
01071693
00b6f6b3
0ff7f793
00d7e7b3
000106b7
f0068693
00d77733
00e7e7b3
00f62023
f3dff06f
3bd0606f
3dd0606f
00852783
fe010113
00812c23
26c7a783
00112e23
00050413
0047d793
0017f793
ff000593
02079a63
00452503
00052783
0047a783
000780e7
00050593
00051e63
00a12623
00c42503
1d9030ef
00842783
00c12583
0007a223
00842783
0407a783
00078663
00040513
000780e7
00842783
3007aa23
14c060ef
01812403
01c12083
02010113
2440606f
fe010113
00812c23
00852403
02758593
00459593
00912a23
01212823
00112e23
00050493
00060913
00b40433
00c10613
00810593
00040513
118070ef
00812783
00078a63
00040513
100070ef
00048513
000900e7
01c12083
01812403
01412483
01012903
02010113
00008067
56c0506f
02050263
ff010113
00112623
32c040ef
00c12083
01051513
01055513
01010113
00008067
00000513
00008067
fc010113
02c12423
02810613
00112e23
02d12623
02e12823
02f12a23
03012c23
03112e23
00c12623
5cc010ef
01c12083
04010113
00008067
00852583
ff010113
00812423
00c58593
00112623
00050413
160030ef
00842583
00040513
00812403
00c12083
1000d637
37c60613
00c58593
01010113
7c10206f
ff010113
00112623
26c50513
02058063
00400593
e49ff0ef
00c12083
00255513
00157513
01010113
00008067
ffb00593
e31ff0ef
fe5ff06f
ff010113
00112623
26c50513
02058063
00800593
e11ff0ef
00c12083
00355513
00157513
01010113
00008067
ff700593
df9ff0ef
fe5ff06f
ff010113
00112623
26c50513
02058063
04000593
dd9ff0ef
00c12083
00655513
00157513
01010113
00008067
fbf00593
dc1ff0ef
fe5ff06f
ff010113
00112623
26c50513
02058063
00200593
da1ff0ef
00c12083
00155513
00157513
01010113
00008067
ffd00593
d89ff0ef
fe5ff06f
ff010113
00112623
26c50513
02058063
08000593
d69ff0ef
00c12083
00755513
00157513
01010113
00008067
f7f00593
d51ff0ef
fe5ff06f
ff010113
00112623
26c50513
00058e63
00100593
d31ff0ef
00c12083
00157513
01010113
00008067
ffe00593
d1dff0ef
fe9ff06f
0085a703
2a070793
00051463
27070793
00000593
00078513
6ed0606f
00852783
00200713
00e7a223
0447a703
06071663
ff010113
00812423
00112623
04078723
0407a423
00852783
00050413
26c7a783
00e79713
02075863
1000d6b7
1000d637
00400593
3b068693
3f460613
480020ef
00842503
000205b7
fff5c593
26c50513
c95ff0ef
00040513
00812403
00c12083
01010113
1490206f
00008067
1640506f
fe010113
00812c23
00050413
00852503
00912a23
00112e23
26c52783
00058493
0077d793
0017f793
00078a63
00000593
ec5ff0ef
00c42503
5b0030ef
00c42783
00c7a783
02079463
0a048063
00842503
04e50513
d1dff0ef
00842783
0a050063
04e78593
14e78513
7b9030ef
00842603
00c42503
00e10693
04e60613
00048593
570030ef
02051263
00842503
14e50593
04e50513
78d030ef
00842503
04e50513
cd1ff0ef
00a11723
00040513
00c020ef
01442503
1000e637
1000d5b7
b5860613
3f458593
cd9ff0ef
00040513
0d4020ef
00842783
00e15703
00040513
04e79523
04e79423
52d010ef
01c12083
01812403
01412483
02010113
00008067
14078723
f6dff06f
f4010113
0b512223
00852a83
0a812c23
0a112e23
0a912a23
0b212823
0b312623
0b412423
0b612023
09712e23
09812c23
09912a23
09a12823
09b12623
00050413
00012e23
02012023
785010ef
00040513
04ea8a93
459010ef
00051a63
01442503
1000c5b7
63858593
c31ff0ef
00842503
01400613
00000593
00c50513
068040ef
00040513
23d010ef
00842583
00c42503
04c10493
0485d603
04e58593
00000a13
534030ef
00040513
724030ef
fff00913
00000993
00000c13
00000b13
00000d93
00000b93
00048c93
00100d13
02012683
01c12703
2ba68e63
00b00793
24e7f863
02012703
00200793
24f71463
1000d6b7
1000d637
33c68693
d9c60613
07c0006f
00200693
000a8613
00048593
02010513
324010ef
02012703
00050693
0044aa83
04071463
ff800493
0bc12083
0b812403
00048513
0b012903
0b412483
0ac12983
0a812a03
0a412a83
0a012b03
09c12b83
09812c03
09412c83
09012d03
08c12d83
0c010113
00008067
03a71063
00050e63
1000d637
2bc60613
00200593
00040513
1c8020ef
fa1ff06f
01c12703
08070263
0004a503
549020ef
02050e63
020a0063
00842503
01400613
03810593
00c50513
03412e23
70d030ef
1c80006f
1000d637
2d060613
00200593
00040513
17c020ef
f55ff06f
01c12703
02070c63
0004a603
000d8593
00040513
660030ef
00200713
1ae50063
00300713
00e50c63
01c12703
00100b13
00170713
00e12e23
ec1ff06f
000c1c63
0004a583
02410613
000b8513
634010ef
00050d93
00448493
fff90913
0a0d8a63
00cda703
020b0263
06070063
00040513
589010ef
00040513
2c1010ef
1000d637
2f060613
f6dff06f
04070063
00842503
01400613
000d8593
00c50513
01c12983
64d030ef
008da703
02071063
011dc703
0fe00793
00f71a63
010dc903
00198713
00e12e23
fff90913
004da703
000d8b93
00e12623
00070e63
01400613
000d8593
03810513
609030ef
00c12703
00070a13
00091863
02012683
00200713
dee69ee3
01c12703
00170713
00e12e23
dedff06f
01c12703
00100c13
fc071ce3
00842703
02072703
00070663
00c72703
fc0712e3
1000d7b7
04c12683
32078713
1000d7b7
33478613
00200593
00040513
028020ef
00100c13
f9dff06f
dc091ae3
020b0263
00040513
6c8030ef
00842603
00c00693
000c8593
04e60613
01c10513
0e4010ef
01c12483
00842503
08010713
00249793
00f707b3
fc07a623
01852783
02079863
da0a08e3
01052783
e2fa14e3
00040513
94dff0ef
00100493
d9dff06f
01c12703
00b00793
f8e7fce3
d45ff06f
01c54703
413484b3
04070663
01d54783
0ff00693
00d79663
000107b7
fff78793
00e4e663
00f707b3
0297f663
00c52683
1000d637
36060613
00200593
00040513
769010ef
00040513
8e9ff0ef
fea00493
d39ff06f
000105b7
26c50513
f70ff0ef
00842503
30050513
861ff0ef
00842783
00299613
00cc8633
0187a783
00048593
00040513
000780e7
00050493
00842503
fff00593
fff00613
30050513
abdff0ef
00842503
000105b7
fff5c593
26c50513
f20ff0ef
cd5ff06f
f2010113
0c812c23
00050413
00852503
01000593
0c112e23
26c50513
0c912a23
0d212823
0d312623
0d412423
0d512223
0d612023
0b712e23
0b812c23
0b912a23
0ba12823
0bb12623
eccff0ef
00842783
0047a703
00200793
06f71463
000107b7
02012223
1000db37
1000dab7
fff78d93
00842783
00442503
02410693
0447a483
00052783
0107a783
08048263
01000613
06c10593
000780e7
02412603
02060263
06c10593
00040513
000480e7
00842783
0447a783
fa079ee3
00040513
965ff0ef
00842503
fef00593
26c50513
e4cff0ef
0dc12083
0d812403
0d412483
0d012903
0cc12983
0c812a03
0c412a83
0c012b03
0bc12b83
0b812c03
0b412c83
0b012d03
0ac12d83
0e010113
00008067
00100613
02310593
000780e7
02412783
fa0782e3
02314783
00842503
01879713
41875713
f40740e3
00852703
00100693
70d70463
04070463
00200693
00052423
f2d712e3
26c52703
00275713
00177713
f0070ae3
fcf78793
0ff7f793
01b00713
f0f762e3
1000d737
00279793
03470713
00e787b3
0007a783
00078067
00d00713
04e78263
00a00713
02e78e63
260506a3
00900713
0ce78e63
08f76263
ec0784e3
00800713
54e78263
fe078713
05e00693
54e6ee63
00100593
fd4ff0ef
02314583
2c80006f
26d54703
0ff77713
00070663
26d54703
fae79ee3
26f506a3
04855783
02079863
00000593
fa4ff0ef
00c42503
691020ef
01442503
1000c5b7
63858593
e34ff0ef
00040513
80dff0ef
e59ff06f
00040513
989ff0ef
fedff06f
01b00713
04e78263
07f00713
f8e790e3
26c52783
0027d793
0017f793
e20786e3
00100593
f4cff0ef
00842783
26c7a783
0067d793
0017f793
4a079663
00040513
0a4020ef
e05ff06f
00100793
00f52423
df9ff06f
26c52783
0027d793
0017f793
de0784e3
00100593
f08ff0ef
00842503
0ff00793
04855703
dcf708e3
04a55603
04e50593
14e50513
1b9030ef
00842603
06c10593
00c00693
04a65783
02c10513
00f607b3
14078723
14e60613
509000ef
02c12583
00c00793
d8b7e8e3
0a010713
00259793
00f707b3
fc07a623
00842783
04a7d703
00e787b3
04d7c783
02000713
5ee78263
ff778793
00400713
5cf77c63
00100793
10b7e663
02012423
00000913
02812783
0a010713
00000493
00279793
00f707b3
fcc7ac83
00000993
00000a13
000c8513
cc8ff0ef
00050d13
00000b93
05810613
000b8593
00090513
7f9000ef
00050c13
0e051263
00100793
12f49e63
02812783
0a010713
00279793
00f707b3
fcc7a503
c88ff0ef
00842603
00050493
000a0593
00090513
00c60613
7b9000ef
00050913
00052503
c64ff0ef
02a48063
00092583
40950633
01061613
01065613
009585b3
00040513
739010ef
00842503
02000713
04a55783
00f507b3
04e7c783
0ae78c63
ff778793
00400713
0af77663
26c52783
0017f793
08078863
00000593
dc8ff0ef
02000593
00040513
639010ef
00842503
00100593
db0ff0ef
c4dff06f
fff58593
00000793
03010713
02810693
06c10613
00000513
050010ef
00050913
ee0510e3
c25ff06f
000c2503
000d0613
000c8593
758030ef
02051463
000c2503
6e4030ef
00a9f463
00050993
01099993
0109d993
00049463
000b8a13
00148493
001b8b93
ecdff06f
02000593
00040513
5b5010ef
bd5ff06f
00100593
00040513
4f8010ef
bc5ff06f
bc97f0e3
02812783
0a010713
00048b93
00279793
00f707b3
fcc7ac03
000a0c93
000c0513
b40ff0ef
00842783
00a12623
02079e23
00842603
000c8593
00090513
00c60613
669000ef
00050d13
001c8c93
100c1663
000d2703
12071063
00842783
02079e23
fffb8b93
fc0b96e3
01442503
1000c5b7
63858593
b18ff0ef
00040513
6b1010ef
02812783
0a010713
001a0c13
00279793
00f707b3
fcc7a503
00100c93
ac4ff0ef
000a0593
04410613
00050b93
00090513
5f9000ef
00050993
00842503
0009a583
0ff00613
14e50513
56c030ef
0009aa03
000d8993
05810613
000c0593
00090513
001c0d13
5c5000ef
04050863
00842683
00052603
00000793
00f68733
14e74583
00f60733
00074703
00b71863
00070663
00178793
ffb792e3
000b8463
1177ce63
fff48493
0137d463
00078993
01099993
0109d993
11949263
a80982e3
41798633
01061613
01065613
017a05b3
00040513
505010ef
a69ff06f
00052503
ee050ae3
00c12603
000c0593
598030ef
ee0502e3
ec1ff06f
38cb0513
00e12823
9e4ff0ef
00842783
01350633
01061613
02e7d783
01065613
38cb0513
00c12e23
00f12c23
9c0ff0ef
01012703
00a12a23
00070513
9b0ff0ef
01412803
01812783
01c12603
00842583
410787b3
02c7c7b3
03c5d683
40a60533
01051d13
00168513
02a59e23
010d5d13
01012703
01079793
0107d793
02f6f7b3
02079663
1000d7b7
38cb0693
39078613
00700593
00040513
031010ef
000d0593
00040513
15c010ef
e45ff06f
00070693
3f4a8613
00700593
00040513
00d010ef
fddff06f
000d0c13
e99ff06f
26c52783
0027d793
0017f793
960788e3
00100593
a90ff0ef
00040513
48d010ef
95dff06f
26c52703
00275713
00177713
940706e3
fff78793
0ff7f793
01600713
92f76ee3
1000d737
00279793
0a470713
00e787b3
0007a783
00078067
00040513
43c010ef
919ff06f
00040513
414010ef
00040513
0ec010ef
00051a63
01442503
1000c5b7
63858593
8c4ff0ef
00842503
00100593
a10ff0ef
a85ff06f
00040513
414010ef
8d9ff06f
00040513
424010ef
8cdff06f
01442503
1000e637
3f4a8593
b5c60613
888ff0ef
01442503
1000e637
b6060613
3f4a8593
874ff0ef
00040513
40d010ef
899ff06f
00000593
00040513
ac0ff0ef
889ff06f
00100593
ff1ff06f
00040513
364010ef
00842783
00100593
04078723
00842503
0407a423
988ff0ef
01442503
1000e637
b5860613
3f4a8593
81cff0ef
849ff06f
00040513
6f4010ef
00842503
00100593
95cff0ef
831ff06f
05b00713
00e79663
00200793
a25ff06f
26c52703
00275713
00177713
02070263
06200713
fff00593
00e78863
06600713
00e79863
00100593
00040513
1cc010ef
00842783
0007a423
fe4ff06f
00300793
00f52423
00040513
2d8010ef
fd0ff06f
00300793
00f52423
00040513
2ac010ef
fbcff06f
00300793
00f52423
26c52583
0015f593
0015c593
b55ff06f
00300793
00f52423
26c52783
0027d793
0017f793
f8078663
97dff06f
a2058ae3
b3dff06f
00852783
fc010113
02912a23
3147a803
02112e23
02812c23
03212823
03312623
03412423
03512223
03612023
01712e23
f8800493
16081463
00050413
00060a93
00058a13
31800613
00000593
00078513
00070993
00068913
340030ef
00842783
00042703
00c42503
00e7a023
195020ef
00842503
30050513
2b000b13
27c040ef
27000493
2b000b93
00842503
00950533
759050ef
00842503
00000613
00100593
009506b3
01650533
01048493
5bd050ef
014b0b13
fd749ae3
00842503
02000593
26c50513
d5dfe0ef
00842503
00100593
ef5fe0ef
00842503
00000593
f21fe0ef
00842503
00100593
f4dfe0ef
00842703
005007b7
01878793
00072503
02f72623
e21fe0ef
00842783
000a8593
02a78823
00842503
f59fe0ef
00442503
10005637
00040693
00052783
c5460613
000a0593
0007a783
000780e7
00050493
06051063
00842783
00100713
02442503
00e7a223
02842583
00000793
00000813
100066b7
00001637
00f12423
01012623
00090793
00012023
00e00893
00098813
00040713
d8c68693
80060613
781030ef
00842783
02042583
30a7aa23
515030ef
03c12083
03812403
00048513
03012903
03412483
02c12983
02812a03
02412a83
02012b03
01c12b83
04010113
00008067
00852783
00100713
0047a683
06e69463
ff010113
00812423
fff00613
00050413
fff00593
30078513
00112623
fb5fe0ef
00040513
00000593
25c010ef
01442503
1000d5b7
c5c58593
d39fe0ef
00040513
f11fe0ef
00842503
30050513
cf5fe0ef
00c12083
00812403
00000513
01010113
00008067
f7a00513
00008067
fe010113
00812c23
00050413
00452503
00112e23
00912a23
00052783
01212823
00000593
0087a783
000780e7
0c051e63
00040513
f51ff0ef
0c051863
10005937
100054b7
00842503
2b050513
fff00693
fff00613
00300593
419050ef
00050693
00842503
04068863
fff00593
fff00613
30050513
00d12623
eedfe0ef
00c12683
1000d637
00040513
39860613
00200593
324010ef
00842503
01812403
01c12083
01412483
01012903
30050513
02010113
c25fe06f
fff00593
fff00613
30050513
ea5fe0ef
00442503
00052783
0147a783
00078463
000780e7
96c90613
00040513
00200593
b85fe0ef
00040513
25048613
00000593
b75fe0ef
00842503
30050513
bd5fe0ef
f41ff06f
01c12083
01812403
01412483
01012903
02010113
00008067
00852783
00200713
0047a803
00e80863
000205b7
26c78513
aa1fe06f
fe010113
00812c23
00912a23
01212823
00050413
00060913
30078513
00058493
fff00613
fff00593
01312623
00112e23
00068993
df5fe0ef
00842783
26c7a703
00f71693
0006ca63
0447a783
00079663
00040513
715000ef
00098693
00090613
00048593
00040513
168010ef
00842783
26c7a703
00f71693
0006ca63
0447a783
00079663
00040513
6e0010ef
01442503
0ec000ef
00842503
01812403
01c12083
01412483
01012903
00c12983
30050513
02010113
ae5fe06f
fc010113
02d12623
02c10693
00112e23
02e12823
02f12a23
03012c23
03112e23
00d12623
f09ff0ef
01c12083
04010113
00008067
1000d637
ff010113
11460613
00000593
00112623
00812423
00050413
fb1ff0ef
1000d637
00040513
15460613
00000593
f9dff0ef
1000d637
00040513
1b460613
00000593
f89ff0ef
1000d637
00040513
20860613
00000593
f75ff0ef
1000d637
00040513
2a460613
00000593
2a5010ef
00c12083
00812403
00000513
01010113
00008067
00852783
04b7a223
00008067
01052703
ff010113
00812423
00852783
00050413
00052583
00072603
00c52503
00112623
000780e7
01042783
00c12083
00812403
0007a023
01010113
00008067
ff010113
00812423
00060693
00050413
00058613
00050593
10006537
0dc50513
00112623
85dfc0ef
01042783
0047c783
00078c63
00040513
00812403
00c12083
01010113
f7dff06f
00c12083
00812403
01010113
00008067
00c5a783
ff010113
00812423
0107a703
00912223
00112623
00200793
00050493
00058413
00f71a63
00a00793
00f51663
00d00513
fcdff0ef
01042703
00042783
00072703
00e787b3
00978023
01042703
00072783
00178793
00f72023
00442703
00e79663
00040513
f01ff0ef
00c12083
00812403
00412483
00000513
01010113
00008067
02000793
00f50863
ff750513
00553513
00008067
00100513
00008067
02050263
ff010113
00112623
415020ef
00c12083
01051513
01055513
01010113
00008067
00000513
00008067
00c54783
00a55703
00f60633
00f585b3
02e66533
02e5e5b3
40b50533
00008067
00c54783
00a55703
00f60633
00f585b3
02e64533
02e5c5b3
40b50533
00008067
00c54783
00a55703
00f585b3
00f60633
02e5e6b3
02e647b3
00168693
00d51023
02e5c5b3
00178793
00f51323
02e66633
00158593
00b51223
00160613
00c51123
00008067
fb010113
04812423
05212023
03312e23
03412c23
03612823
03712623
03812423
01b12e23
04112623
04912223
03512a23
03912223
03a12023
00050993
00058b93
00060413
00068c13
00052023
00000913
05c00b13
00500a13
00300d93
00044503
20050c63
ed1ff0ef
00050863
00040023
00140413
fe9ff06f
0009a783
00178713
00279793
00e9a023
00fb87b3
0087a023
1f870463
00000913
03000c93
07800d13
00200a93
00044483
fa048ae3
18091c63
02700793
00f48863
19648e63
02200793
16f49a63
00040513
e89ff0ef
00050613
00140593
00040513
36d020ef
00048913
fc5ff06f
00040513
e69ff0ef
00050613
00140593
00040513
34d020ef
00000913
fa5ff06f
09979063
00200713
00000493
00700593
00e407b3
0007c783
0ff77693
fd078613
0ff67513
04a5ec63
00349493
00c4e4b3
00170713
0ff4f493
fd471ce3
00500693
fff68593
00b405b3
00040513
00d12623
00b12423
df9ff0ef
00c12683
00250613
40d60633
00812583
00040513
2d5020ef
00940023
00140413
f29ff06f
fd5692e3
ffa79ae3
00200693
00000493
00900613
00d407b3
0007c783
0ff6f593
fd078713
0ff77513
04a66463
00449493
00e4e4b3
0ff4f493
03b69863
00400793
fff78593
00b405b3
00040513
00f12623
00b12423
d7dff0ef
00c12783
00250613
40f60633
f85ff06f
00300693
fa9ff06f
f9f78713
0ff77713
00ea6c63
00449493
fa978793
00f4e7b3
0ff7f493
fadff06f
fbf78713
0ff77713
00ea6863
00449493
fc978793
fe1ff06f
f55588e3
00300793
f91ff06f
00048513
cfdff0ef
f2050ee3
e1dff06f
eb2480e3
f36498e3
00144783
eaf91ae3
00040513
cf9ff0ef
00140493
00050613
00048593
00040513
1d9020ef
00048413
e31ff06f
04c12083
04812403
00090513
04412483
04012903
03c12983
03812a03
03412a83
03012b03
02c12b83
02812c03
02412c83
02012d03
01c12d83
05010113
00008067
fd010113
03212023
00058913
00060593
02812423
01312e23
02112623
02912223
00c12623
00050993
778020ef
00c12603
00050413
00060513
c61ff0ef
06040863
00050493
0289f063
fff44703
02000793
00f71a63
00150493
01049493
0104d493
fff40413
00040513
c31ff0ef
00095783
40950633
009405b3
409787b3
00040513
02812403
00f91023
02c12083
02412483
02012903
01c12983
00160613
01061613
01065613
03010113
0e50206f
02c12083
02812403
02412483
02012903
01c12983
03010113
00008067
00058793
02051a63
1000c537
1000c737
2c450513
30c70713
40a70733
00375713
06e5fc63
00359793
00f507b3
0047a603
00060513
00008067
00852703
04070e63
00472683
00074703
02070e63
fe010113
00060593
00078513
00112e23
00c12623
000680e7
00c12603
00062783
00079463
00000613
01c12083
00060513
02010113
00008067
01400613
02c587b3
00f68633
00062783
f8079ee3
00000613
f95ff06f
fc010113
02812c23
03212823
03412423
02112e23
02912a23
03312623
00050413
00058a13
00060913
00050c63
00050593
01400613
00c10513
035020ef
00c10413
00000593
00090613
00040513
00158993
f11ff0ef
00050493
00050c63
0004a583
000a0513
730020ef
00098593
fc051ce3
03c12083
03812403
00048513
03012903
03412483
02c12983
02812a03
04010113
00008067
fe010113
00812c23
01212823
01312623
01412423
01512223
00112e23
00912a23
00058a13
00060913
00068413
00070993
00078a93
0006a023
00042683
00050493
0746f263
00269693
00d906b3
0006a503
629010ef
00042603
00050a63
00160613
00c42023
00048513
fd1ff06f
00261613
00c905b3
0005a583
00098613
00048513
eedff0ef
02050063
00042783
00178713
00e42023
fa0a82e3
faa990e3
00f42023
00000493
01c12083
01812403
00048513
01012903
01412483
00c12983
00812a03
00412a83
02010113
00008067
fd010113
01512a23
00050a93
02112623
02812423
02912223
03212023
01312e23
01412c23
01612823
9a9ff0ef
0c0a9463
02c12083
02812403
02412483
02012903
01c12983
01812a03
01412a83
01012b03
03010113
00008067
013a87b3
0007c503
00098a13
00198993
01099993
0109d993
945ff0ef
00098913
02051e63
fff40793
fcf9cce3
fadff06f
012a85b3
0005c503
00b12623
921ff0ef
00190793
00c12583
02050263
00148493
01049493
0104d493
00078913
01091793
0107d793
fc87e6e3
fbdff06f
fa048ce3
00140613
01697933
40940433
001a0513
41260633
00aa8533
01041413
5e0020ef
01045413
00000493
f8dff06f
00010b37
00050413
00000993
00000493
fffb0b13
f75ff06f
fd010113
02812423
00852403
03212023
01412c23
02112623
02912223
01312e23
04e44783
00050a13
04e40913
04079663
008a2783
02c12083
02812403
0487d703
02412483
02012903
04e79523
01c12983
01812a03
03010113
00008067
fff48493
01049493
0104d493
04941423
00049663
04040723
fbdff06f
04845483
009909b3
fff9c503
825ff0ef
fc051ae3
00098023
00000493
009905b3
0005c503
00148993
00b12623
01099993
801ff0ef
0109d993
00c12583
02051663
f6048ce3
04845603
00090513
00160613
40960633
4ec020ef
04845783
409784b3
04941423
f55ff06f
00098493
fb1ff06f
fc010113
02c12423
02810613
00112e23
02d12623
02e12823
02f12a23
03012c23
03112e23
00c12623
ebcff0ef
01c12083
04010113
00008067
1000e637
1000d5b7
b6860613
3f458593
fb9ff06f
00052783
ff010113
00812423
00050413
0007a503
00912223
00112623
0487d483
02050c63
38c020ef
01051513
01055513
00042783
00950533
00c12083
02e7d783
00812403
00412483
02f56533
01010113
00153513
00008067
00000513
fd5ff06f
02058463
41f5d793
01452503
00b7c633
0015a693
1000d5b7
04168693
40f60633
41c58593
f31ff06f
00008067
02058463
41f5d793
01452503
00b7c633
0015a693
1000d5b7
04368693
40f60633
41c58593
f05ff06f
00008067
00852783
ff010113
00812423
00050413
0007a503
00912223
00112623
04a7d483
02050c63
2d4020ef
01051513
01055513
00842783
00950533
00c12083
02e7d783
00812403
00412483
02f56533
01010113
00153513
00008067
00000513
fd5ff06f
ff010113
00812423
00112623
00050413
f91ff0ef
02050063
01442503
00812403
00c12083
1000c5b7
63858593
01010113
e6dff06f
00840513
eb1ff0ef
fc051ee3
00c12083
00812403
01010113
00008067
fe010113
00812c23
00852403
00912a23
00050493
04845603
04a45583
02440513
01212823
01312623
00112e23
e68ff0ef
00848513
02845983
02a45903
e5dff0ef
00050a63
0144a503
1000c5b7
63858593
dfdff0ef
03299863
02445583
02645783
01812403
01c12083
01012903
00c12983
00048513
01412483
40f585b3
02010113
ea5ff06f
02a45583
02845783
00048513
40f585b3
e65ff0ef
fc1ff06f
fe010113
00812c23
00050413
00852503
00912a23
00112e23
04a55783
04855603
02450513
00f585b3
01059493
00078593
01212823
01312623
dc0ff0ef
00842503
0104d493
00048613
04a55583
02450513
d88ff0ef
00050993
00842503
00048613
04a55583
02450513
d50ff0ef
00050913
413005b3
00040513
de5ff0ef
00090593
00040513
e05ff0ef
00842783
01c12083
01812403
04979523
01012903
01412483
00c12983
02010113
00008067
fd010113
02812423
02912223
01312e23
02112623
03212023
01412c23
01512a23
01612823
01712623
00050993
00058413
00100493
0005da63
40b00433
01041413
41045413
fff00493
01049a13
fff00913
010a5a13
00100a93
01900b13
00900b93
0600006f
0089a783
00000693
04a7d503
04e78813
0487d883
00050793
40a785b3
01059593
4105d593
00079463
03248663
00f89463
03548263
00f80733
00074703
02076613
f9f60613
04cb7a63
fd070713
04ebf663
04068663
00098513
e99ff0ef
fff40413
01041413
41045413
f9241ce3
02c12083
02812403
02412483
02012903
01c12983
01812a03
01412a83
01012b03
00c12b83
03010113
00008067
00100693
00fa07b3
01079793
0107d793
f71ff06f
00852783
04a7d583
40b005b3
01059593
4105d593
e31ff06f
00852783
0487d583
04a7d783
40f585b3
01059593
4105d593
e15ff06f
00852783
04a7d783
00078663
fff00593
e01ff06f
00008067
00852783
04a7d703
0487d783
00f77663
00100593
de5ff06f
00008067
00852783
04a7d703
04e79423
00e787b3
04078723
01452503
badff06f
ff010113
00812423
00050413
00852503
00112623
04855603
04a55583
02450513
b98ff0ef
00842783
00100593
00040513
0247d783
40f585b3
c11ff0ef
00842783
00040513
0287d583
fff58593
bd1ff0ef
01442503
00812403
00c12083
01010113
b49ff06f
00852603
01452503
1000d5b7
04e60613
3f458593
af9ff06f
fc010113
02812c23
02912a23
03212823
03312623
03412423
03512223
02112e23
00050913
00058993
00060413
00000493
00300a13
00200a93
02041463
03c12083
03812403
03412483
03012903
02c12983
02812a03
02412a83
04010113
00008067
00492503
00040613
009985b3
00052783
00810693
00c7a783
000780e7
00812783
00f484b3
40f40433
fa0798e3
00892683
0046a783
fb4782e3
02faee63
2a068693
00000613
00100593
00c10513
255040ef
fff00613
fff00693
00100593
00c10513
291040ef
00892503
2a050513
3c5040ef
f69ff06f
26c6a783
0057d793
0017f793
fe078ae3
fdf00593
26c68513
5ac040ef
f49ff06f
f0dff06f
00852783
0347a703
06b70263
fe010113
00112e23
02b7aa23
01452503
1000d737
04058063
3b3167b7
b1b78793
00f12423
03300793
00f10623
02f58793
00f106a3
06d00793
00f11723
00810613
3f470593
9adff0ef
01c12083
02010113
00008067
1000e637
b7460613
fe5ff06f
00008067
fe010113
00912a23
00058493
0005a583
00812c23
00112e23
00050413
f75ff0ef
0044a783
04078663
00842683
0386a703
04e78063
00006737
b1b70713
00e11423
01442503
03400713
00e10523
1000d5b7
02f78713
00e105a3
02f6ac23
06d00713
00810613
3f458593
00e11623
921ff0ef
01c12083
01812403
01412483
02010113
00008067
fd010113
03212023
00058913
00852583
02812423
02912223
26c5a783
02112623
00050413
0017d793
0017f793
00060493
06078263
0345a783
05278e63
00800613
03458593
01810513
00d12623
5d5010ef
00090593
00040513
eb5ff0ef
00c12683
01442503
00048593
00068613
f81fe0ef
01810593
00040513
f05ff0ef
02c12083
02812403
02412483
02012903
03010113
00008067
01442503
00068613
00048593
f4dfe0ef
fd9ff06f
fc010113
02d12623
02c10693
00112e23
02e12823
02f12a23
03012c23
03112e23
00d12623
f35ff0ef
01c12083
04010113
00008067
00852783
0487d603
10060e63
04a7d703
10070a63
04d70713
fe010113
00e786b3
00112e23
04e78713
00812c23
00912a23
00068793
02000593
40f68433
01041413
01045413
02e7e663
0007c803
0cb80863
02000693
0007c583
00d58c63
00140413
01041413
fff78793
01045413
fee7f4e3
00178693
00140593
00050493
40860633
00068513
00b785b3
00d12623
471010ef
0084a703
408005b3
01059593
04875783
00048513
4105d593
408787b3
01079793
0107d793
04f71423
00f707b3
04078723
9bdff0ef
0144a503
1000d437
1000e637
3f440593
b6c60613
f54ff0ef
00c12683
3f440613
00000593
00048513
ee1ff0ef
0144a503
f70ff0ef
3f440593
01812403
0144a503
01c12083
01412483
1000e637
b7060613
02010113
f14ff06f
fff78793
f19ff06f
00008067
fe010113
00812c23
00912a23
01312623
00112e23
01212823
01412423
01512223
00050413
00058493
00060993
00060663
01452503
f08ff0ef
00842683
26c6a783
04a6d503
0037d793
04e50513
0017f793
00a686b3
08078a63
00068513
2a5010ef
00050913
fff00a13
1000dab7
fff90913
07491463
00842783
00840513
0487d703
04e79523
eccff0ef
00050e63
00098463
00048a63
01442503
1000c5b7
63858593
e64ff0ef
00040513
01812403
409005b3
01c12083
01412483
01012903
00c12983
00812a03
00412a83
01059593
4105d593
02010113
881ff06f
01442503
b9ca8593
e24ff0ef
f89ff06f
1000d637
3f460613
00000593
00040513
dadff0ef
f79ff06f
fe010113
01212823
00852903
00912a23
00112e23
04895483
00812c23
01312623
01412423
00c48733
0ff00793
08e7c463
04a95783
00060413
00050993
40f484b3
01049493
04e78793
00f90933
0104d493
00058a13
00048613
00090593
00890533
275010ef
00040613
000a0593
00090513
2ad010ef
0089a703
04875783
00f407b3
01079793
0107d793
04f71423
00f707b3
04078723
0089a703
26c72783
0027d793
0017f793
02079863
04a75603
00c40433
04871523
01c12083
01812403
01412483
01012903
00c12983
00812a03
02010113
00008067
01812403
01c12083
01012903
00812a03
00048593
00098513
01412483
00c12983
00000613
02010113
e05ff06f
00852783
fe010113
00812c23
26c7a703
00112e23
00b107a3
00177713
00050413
08070463
04a7d703
0487d683
06e68e63
00170693
0ff5f613
04d79523
00e787b3
04c78723
00852703
26c72783
0027d793
0017f793
04078263
26c72783
0037d793
0017f793
00078463
02a00613
01442503
1000d5b7
42058593
c8cff0ef
00040513
d88ff0ef
00050a63
01442503
1000c5b7
63858593
c70ff0ef
01c12083
01812403
02010113
00008067
00100613
00f10593
00040513
e4dff0ef
fe1ff06f
e45ff06f
00852783
ff010113
00812423
04a7d703
0487d403
00112623
00912223
40e40433
01041413
01045413
04040a63
00050493
04e70513
00a78533
00040613
00150593
0d5010ef
0084a703
fff40593
00812403
04875783
00c12083
00048513
fff78793
00412483
04f71423
01059593
00100613
0105d593
01010113
cc9ff06f
00c12083
00812403
00412483
01010113
00008067
00852703
04875683
02068c63
04a75703
02070863
ff010113
fff00593
00812423
00112623
00050413
ddcff0ef
00040513
00812403
00c12083
01010113
f35ff06f
00008067
00852783
1000d637
ff010113
0007a683
3f460613
00300593
00812423
00112623
00050413
aedff0ef
00842783
26c7a783
0027d793
0017f793
02078063
00040513
825ff0ef
00040513
00812403
00c12083
01010113
cd0ff06f
00c12083
00812403
01010113
00008067
00452783
00000513
0007a783
00b78823
00008067
fe010113
01212823
00452903
00812c23
00912a23
00112e23
00058413
00c584b3
00092783
02941a63
0047a703
0087a583
00100513
00c6a023
000700e7
01c12083
01812403
01412483
01012903
00000513
02010113
00008067
00d12623
00c12423
0007a503
00044583
00852783
00140413
0047a783
000780e7
00c12683
00812603
fa1ff06f
00452783
fe010113
00112e23
00c7a503
00d12623
ff1fb0ef
00c12683
01c12083
00a6a023
00000513
02010113
00008067
00452783
ff010113
00112623
0047a503
4f5030ef
00c12083
00000513
01010113
00008067
fe010113
00112e23
00812c23
03452403
00042783
0007a503
00852783
0007a783
00078863
00f10593
000780e7
00050a63
01c12083
01812403
02010113
00008067
00c42503
00f10593
00100613
da9fb0ef
00042783
00000513
0047a703
0087a583
000700e7
fadff06f
ff010113
00112623
00812423
1000c437
06840513
569010ef
fed00793
02050263
1000c537
00000713
00100693
00100613
06840593
29850513
b20fe0ef
00000793
00c12083
00812403
00078513
01010113
00008067
ff010113
00812423
00452403
00112623
00042783
00442503
00b7a023
100075b7
00c7a223
00d7a423
00000613
78458593
2a9030ef
00442783
0287aa23
00442503
00100693
00000713
00100593
00000613
2b1030ef
00c12083
00812403
00000513
01010113
00008067
fc010113
02c12423
02810613
00112e23
02d12623
02e12823
02f12a23
03012c23
03112e23
00c12623
fb4fe0ef
01c12083
04010113
00008067
1e058063
fc010113
02912a23
02112e23
02812c23
03212823
03312623
03412423
03512223
03612023
01712e23
01812c23
01912a23
00000493
02000693
00400713
009587b3
0007c783
08d78263
ff778793
06f77e63
00010ab7
00060a13
00058993
00050413
fffa8a93
02000b13
00400b93
00a00c93
1000cc37
00098513
440010ef
00842783
01557533
40950533
02e7d683
009985b3
414687b3
0ea7f063
00000913
01258733
00074703
01670863
ff770613
00cbe663
0d970a63
00090793
012a0733
0cd77263
00190913
fd9ff06f
00148493
f71ff06f
00160613
04c50a63
00c58733
00074703
00c48933
fef716e3
01442503
00b12623
00c12423
e6cfe0ef
00812603
00c12583
00040513
00190493
cc0ff0ef
01442503
1000c5b7
63858593
eadff0ef
000a0593
00040513
870ff0ef
01442503
009985b3
e95ff0ef
01442503
03812403
03c12083
03412483
03012903
02c12983
02812a03
02412a83
02012b03
01c12b83
01812c03
01412c83
1000c5b7
63858593
04010113
e55ff06f
00000613
00a00793
f59ff06f
00078913
01442503
00b12423
012484b3
dd0fe0ef
00812583
00090613
00040513
c28ff0ef
009987b3
0007c783
03678463
ff778793
02fbf063
01442503
638c0593
e05ff0ef
000a0593
00040513
fc9fe0ef
ea5ff06f
00148493
fcdff06f
00008067
fa010113
04812c23
04912a23
05212823
05412423
04112e23
00058a13
05312623
05512223
05612023
03712e23
03812c23
03912a23
00050913
00060493
00000593
00000413
01c10613
000a0513
00158993
a99fe0ef
06051c63
04040063
00048a63
00048613
00000593
00090513
e10ff0ef
00000593
1000e9b7
1000db37
00140b93
1000cc37
01c10613
000a0513
00158a93
a59fe0ef
06051663
05c12083
05812403
05412483
05012903
04c12983
04812a03
04412a83
04012b03
03c12b83
03812c03
03412c83
06010113
00008067
00052503
00000793
00050863
200010ef
01051793
0107d793
00040713
00f47463
00078713
01071413
01045413
00098593
f49ff06f
00052783
00452c83
b7c98513
00f12623
1c8010ef
00c12783
00050493
02078c63
0007c703
02070863
b7c98813
00040713
b7c98693
48cb0613
00000593
00090513
d3cff0ef
000c9c63
01492503
638c0593
c95ff0ef
000a8593
f2dff06f
00149613
01760633
01061613
01065613
000c8593
00090513
ca9ff0ef
fddff06f
fe010113
01212823
00050913
0005a503
00812c23
00912a23
00112e23
01312623
00058493
00000413
00050863
130010ef
01051413
01045413
1000e9b7
b7898513
11c010ef
0004a683
00a40433
1000d637
00090513
b7898713
47860613
00000593
01041413
c9cff0ef
01045413
00040613
01812403
0044a583
01c12083
01412483
00c12983
00090513
01012903
02010113
c11ff06f
1000d5b7
ff010113
48058593
00812423
00112623
00050413
0f4010ef
02050463
1000d5b7
48458593
00040513
0e0010ef
00153513
00c12083
00812403
01010113
00008067
00100513
fedff06f
fc010113
02c12423
02810613
00112e23
02d12623
02e12823
02f12a23
03012c23
03112e23
00c12623
b3cfe0ef
01c12083
04010113
00008067
ff010113
00812423
00050413
01452503
00912223
1000e637
1000d4b7
3f448593
b8860613
00112623
fa1ff0ef
01442503
1000e637
3f448593
b8c60613
f8dff0ef
00c12083
00812403
00412483
00000513
01010113
00008067
ff010113
00812423
00050413
01452503
1000e637
1000d5b7
b9460613
3f458593
00112623
f4dff0ef
00842703
00c12083
00812403
005007b7
01878793
02f72623
00000513
01010113
00008067
fd010113
02812423
02912223
01312e23
02112623
03212023
00050413
00000493
1000d9b7
00842603
00c42503
00e10693
14e60613
00100593
4b0000ef
00e15783
00842703
02078463
00048693
00148913
14e70713
52898613
00000593
00040513
924fe0ef
00090493
fbdff06f
14070723
02c12083
02812403
02412483
02012903
01c12983
00000513
03010113
00008067
ff010113
00112623
00200793
02f59863
00462783
00062683
1000d737
1000d637
4f070713
50860613
8ccfe0ef
fea00513
00c12083
01010113
00008067
00852783
00050713
26c7a783
0027d793
0017f793
02079463
1000d6b7
4ec68693
1000d637
00070513
51460613
00000593
888fe0ef
00000513
fbdff06f
1000d6b7
4e868693
fddff06f
fd010113
02112623
02812423
02912223
03212023
01312e23
01412c23
01512a23
01612823
00100793
04f58a63
00462783
00062683
1000d737
1000d637
4f070713
50860613
00200593
828fe0ef
fea00913
02c12083
02812403
00090513
02412483
02012903
01c12983
01812a03
01412a83
01012b03
03010113
00008067
00050413
01452503
1000e637
1000d4b7
b8060613
3f448593
d7dff0ef
f0600593
00040513
a9dfe0ef
0fa00593
00040513
abdfe0ef
00842503
10000613
00000593
14e50513
000105a3
709000ef
01442503
1000e5b7
b9c58593
d3dff0ef
01442503
3e800993
00000913
850fe0ef
01b00a13
00900a93
05200b13
00442503
00c10693
00100613
00052783
00b10593
0107a783
000780e7
00c12783
02079263
fff98993
01099993
3e800513
0109d993
194030ef
fc0994e3
f7a00913
0ac0006f
00b14783
00842703
13478863
14e74683
fb4696e3
13679263
01270933
14090723
14f74683
05b00793
12f69463
15070693
00000613
00200793
03b00513
00a00813
10000893
0006c583
00178793
01079793
0107d793
08a59c63
10000693
f8d78ee3
00f705b3
00000693
00a00813
0ff00893
14e5c503
08051c63
14070723
0fa00593
00068793
00d5f463
0fa00793
02f71723
0fa00693
00060793
00c6f463
0fa00793
02f71623
00000913
01442503
1000e637
b8460613
3f448593
c21ff0ef
e4090ee3
00842703
005007b7
01878793
1000d637
02f72623
53460613
00400593
00040513
e59fd0ef
ff800913
e31ff06f
03060633
00168693
fd060613
00b60633
01061613
01065613
f51790e3
ef1ff06f
030686b3
00178793
01079793
0107d793
00158593
fd068693
00a686b3
01069693
0106d693
f4f8f0e3
ec5ff06f
012706b3
00190913
01091913
14f68723
01095913
e72af8e3
14070723
ea5ff06f
00852503
ff010113
00112623
26c50513
00400593
36c030ef
00c12083
00000513
01010113
00008067
00852503
ff010113
00112623
26c50513
fbf00593
368030ef
00c12083
00000513
01010113
00008067
00852503
ff010113
00112623
26c50513
ffd00593
340030ef
00c12083
00000513
01010113
00008067
00852503
ff010113
00112623
26c50513
ffb00593
318030ef
00c12083
00000513
01010113
00008067
00852503
ff010113
00112623
26c50513
04000593
2cc030ef
00c12083
00000513
01010113
00008067
00852503
ff010113
00112623
26c50513
00200593
2a4030ef
00c12083
00000513
01010113
00008067
00852783
ff010113
00112623
0047a683
0007a703
0087d583
00052503
00e6a023
00d72223
0007a023
0007a223
00a7d783
00f585b3
00c58593
becfb0ef
00c12083
00100513
01010113
00008067
00052623
00008067
ff010113
00812423
00452403
00112623
00912223
01212023
00450793
02f41263
00069023
00000513
00c12083
00812403
00412483
00012903
01010113
00008067
00c52783
04059863
fc078ce3
00f41663
00052623
fcdff06f
0047a403
00852623
fc0400e3
00060493
00845603
00048513
00c40593
00068913
35d000ef
00845603
00100513
00c91023
00c484b3
00048023
f99ff06f
fc0784e3
00852703
faf70ae3
0007a403
fb9ff06f
ff010113
00812423
00912223
00112623
00050413
00450493
00442783
00978863
00040513
ee1ff0ef
fe0518e3
00c12083
00812403
00412483
01010113
00008067
00052783
fd010113
03212023
00c60913
02912223
0107a783
412004b3
01612823
0034fb13
02112623
02812423
01312e23
01412c23
01512a23
012b0933
0d27e663
00052623
00060a13
0c060063
00050413
00450993
00452503
00058a93
08a99863
00012623
00042503
00090613
00c10593
874fb0ef
00050493
0b257c63
00042503
00090613
00c10593
85cfb0ef
0aa91463
00042503
00048593
009b04b3
01049b13
8a0fb0ef
010b5b13
00090493
00c12903
000a8593
000a0613
01491423
01691523
00c90513
229000ef
00442783
00042503
01392223
00f92023
0127a223
01242223
00048593
85cfb0ef
0200006f
00a12623
f6050ae3
00855783
f6c796e3
00c50513
16d000ef
f60510e3
02c12083
02812403
02412483
02012903
01c12983
01812a03
01412a83
01012b03
03010113
00008067
f6a90ee3
00042503
00000593
804fb0ef
00442783
02f99263
00042503
00800613
00000593
00052023
00052223
00850513
1b1000ef
f01ff06f
00040513
d59ff0ef
ee051ae3
fd5ff06f
00450793
00f52223
00f52423
00052623
00008067
00051663
00000513
00008067
ff010113
00812423
00112623
00050413
029000ef
01051513
00000793
01055513
03f00693
02a00613
00a7ec63
00000513
00c12083
00812403
01010113
00008067
00f40733
00074703
00d70863
00c70663
00178793
fd5ff06f
00100513
fd5ff06f
ff010113
00812423
00050413
00852503
10000613
00000593
14e50513
00112623
0f9000ef
00842503
04855603
04e50593
14e50513
0c1000ef
00842503
14e50513
9a8fe0ef
00842503
00000793
14e50513
00050863
784000ef
01051793
0107d793
00842703
00c12083
00812403
00178793
04f71623
01010113
00008067
fa010113
04112e23
04812c23
04912a23
05212823
05312623
05412423
05512223
05612023
03712e23
03812c23
03912a23
03a12823
03b12623
04059463
00300413
00040513
05c12083
05812403
05412483
05012903
04c12983
04812a03
04412a83
04012b03
03c12b83
03812c03
03412c83
03012d03
02c12d83
06010113
00008067
00050913
00060513
00060493
00058993
e89ff0ef
fa0504e3
00010b37
00000a93
00000593
00200413
10000c13
fffb0b13
02000c93
0680006f
00048593
14ea0513
584000ef
00050d13
0e050463
690000ef
01657633
00140513
000d0593
00160613
00ad0533
74c000ef
00040613
000d0513
000d8593
008d0d33
780000ef
019d0023
04ca5783
001a8a93
00f40433
00140413
048a1623
00000413
000b8593
00c10613
00098513
00158b93
e45fd0ef
00050d13
06050263
000d2583
00000613
00048513
c30fb0ef
fc051ae3
000d2d83
00892a03
00000413
000d8a63
000d8513
600000ef
01051413
01045413
04ca5783
00178793
008787b3
f4fc52e3
1000e637
00048693
a1460613
00400593
00090513
975fe0ef
00100413
ea0a86e3
00892503
00048613
04c50593
14e50513
cfdfd0ef
e95ff06f
00200413
fe1ff06f
ff010113
00812423
00050413
00852503
00112623
04c55603
14e50593
04e50513
6a0000ef
00842783
00c12083
00812403
04c7d703
04e79423
01010113
00008067
00008067
00008067
00008067
00008067
4450006f
0005a783
0045a803
00052603
00452683
40c78533
00a7b733
40d805b3
40e585b3
00008067
00a00793
02a7b733
02b785b3
02a78533
00e585b3
00008067
ff010113
00112623
625000ef
ff010113
00112623
00050593
342027f3
343027f3
00000513
609000ef
ff010113
00112623
342027f3
00000593
00100513
fc5ff0ef
ff010113
00112623
74d000ef
b1cfb0ef
765000ef
f1402573
00050663
10500073
ffdff06f
0000b297
bf428293
00001337
80030313
00530333
aaaab3b7
aaa38393
0072a023
00428293
fe62cce3
0000b117
bcc10113
000012b7
80028293
00510133
34011073
f9dff0ef
dddf906f
fb460613
ff067613
02f62623
000027b7
88078793
04f62423
100097b7
93078793
02d62223
02e62423
03062823
04f62223
02c52823
00008067
fe010113
00112e23
00812c23
00912a23
00050713
02000893
00400693
00170413
fff44783
0b178a63
ff778813
0b06f663
02d00693
0ad79663
00174783
00270413
00100893
14060063
01000713
02e61463
03000713
02e79063
00044783
05800713
0df7f793
10e79863
00144783
01000613
00240413
800004b7
00089463
fff4c493
02c4ff33
00000813
00000713
00900f93
01900e93
fff00293
02c4de33
fd078693
04dfec63
00068793
06c7da63
02580063
fff00813
00ee6c63
01c71463
00ff4863
00100813
02e60733
00e78733
00140413
fff44783
fc9ff06f
00040713
f41ff06f
02b00693
00000893
f4d79ee3
00270413
00174783
f51ff06f
0207e693
f9f68693
00deee63
fbf78313
03700693
006ef463
05700693
40d787b3
f91ff06f
fff00793
02f81c63
00b12623
3f9000ef
00c12583
02200793
00f52023
00048713
02059663
01c12083
01812403
01412483
00070513
02010113
00008067
00088463
40e00733
fe0580e3
00080463
fff40513
00a5a023
fd1ff06f
03000793
ee061ee3
00800613
ef5ff06f
03000713
ece788e3
00a00613
ee5ff06f
fe010113
00112e23
00812c23
00050713
02000893
00400693
00170413
fff44783
0b178463
ff778813
0b06f063
02d00693
0ad79063
00174783
00270413
00100e13
12060a63
01000713
02e61463
03000713
02e79063
00044783
05800713
0df7f793
10e79263
00144783
01000613
00240413
fff00713
02c75eb3
00000813
00900f93
01900f13
02c778b3
00000713
fd078693
04dfec63
00068793
06c7de63
06084863
fff00813
00eeec63
01d71463
00f8c863
00100813
02e60733
00e78733
00140413
fff44783
fc9ff06f
00040713
f4dff06f
02b00693
00000e13
f6d794e3
00270413
00174783
f5dff06f
0207e693
f9f68693
02df6263
fbf78313
03700693
006f7463
05700693
40d787b3
f91ff06f
fff00813
fadff06f
02085a63
00b12623
271000ef
00c12583
02200793
00f52023
fff00713
02059463
01c12083
01812403
00070513
02010113
00008067
000e0463
40e00733
fe0582e3
00080463
fff40513
00a5a023
fd5ff06f
03000793
f00614e3
00800613
f01ff06f
03000713
ece78ee3
00a00613
ef1ff06f
fe010113
00912a23
00112e23
00812c23
01212823
01312623
01412423
0005c983
00050493
02098c63
00158413
00040513
0e8000ef
00050a13
00148913
fff94783
04078463
02f99e63
000a0613
00040593
00090513
12c000ef
02051463
01c12083
01812403
00048513
01012903
01412483
00c12983
00812a03
02010113
00008067
00090493
fb5ff06f
00000493
fd1ff06f
00050793
0005c703
00071663
00078023
00008067
00e78023
00158593
00178793
fe5ff06f
00050793
02060263
0005c703
00178693
fff60813
00071c63
00c78633
00078023
00178793
fef61ce3
00008067
fee68fa3
00158593
00080613
00068793
fc9ff06f
0ff5f593
00054783
00b78863
00079863
00058463
00000513
00008067
00150513
fe5ff06f
00000793
00f50733
00074703
00071663
00078513
00008067
00178793
fe9ff06f
00000793
00f50733
00074703
00070463
00b79663
00078513
00008067
00178793
fe5ff06f
00054783
0005c703
00e79463
00079663
40e78533
00008067
00150513
00158593
fe1ff06f
00000713
02e60463
00e507b3
00e586b3
0007c783
0006c683
00d79663
00170713
fe0792e3
40d78533
00008067
00000513
00008067
02060863
fff60613
00000713
00e507b3
00e586b3
0007c783
0006c683
00e60663
00170713
fed784e3
40d78533
00008067
00000513
00008067
40b507b3
02c7fe63
fff60613
00c587b3
0007c703
00c507b3
00e78023
fe0616e3
00008067
00f58733
00074683
00f50733
00178793
00d70023
fef616e3
00008067
00000793
ff5ff06f
00000793
00f61463
00008067
00f586b3
0006c683
00f50733
00178793
00d70023
fe5ff06f
0ff5f593
00c50633
00050793
00c79463
00008067
00178793
feb78fa3
ff1ff06f
fff00513
00008067
82a1a023
00008067
ffe58593
00100793
00b7e663
8201a303
00030067
fff00513
00008067
fe5ff06f
0045a703
00100793
02e7d263
0005a783
00a78023
0005a783
00178793
00f5a023
0045a783
fff78793
00f5a223
00000513
00008067
fc010113
00112e23
02d12623
02e12823
02f12a23
03012c23
03112e23
00059463
00310513
00a12423
10009537
00b12623
02c10693
00810593
f2c50513
00d12223
965f90ef
00812783
00078023
01c12083
04010113
00008067
fc010113
02c12423
00050613
10009537
02b12223
02d12623
00200593
02410693
f2850513
00112e23
02e12823
02f12a23
03012c23
03112e23
00d12623
911f90ef
01c12083
04010113
00008067
ff010113
00812423
1000e437
c3740413
00044783
00112623
00079863
81dff0ef
00100793
00f40023
00c12083
00812403
01010113
00008067
ff010113
00112623
1000e537
00100593
c1850513
4a4020ef
00051863
00c12083
01010113
fe0ff06f
00c12083
01010113
00008067
ff010113
00912223
00112623
00812423
1000e4b7
c1848513
490020ef
00050413
00a04c63
00812403
00c12083
00412483
01010113
fa0ff06f
fff50613
00050593
c1848513
414020ef
fc0506e3
00100793
fcf40ae3
00c12083
00812403
00412483
01010113
00008067
1000c537
ff010113
06850713
1000e7b7
00112623
00812423
c0e7ae23
06850513
470000ef
fed00793
00050e63
10009437
13040513
df9ff0ef
13040513
d00f90ef
00000793
00c12083
00812403
00078513
01010113
00008067
ff010113
00812423
00912223
1000e437
00112623
00a00793
00050493
c1c40413
00f51c63
00042503
00852783
00d00593
0047a783
000780e7
00042503
00852783
0ff4f593
0047a783
000780e7
00c12083
00812403
00048513
00412483
01010113
00008067
00050793
01052883
00800693
3006b6f3
0005a603
0086f693
06060663
00452503
00452803
06080063
00361713
01070733
02c75733
00052803
0107a303
00c84503
0ff57513
08056e13
01c80623
0047ae03
000e2e03
00475813
0ff87813
010e0023
0047a803
00c75713
0ff77713
00082803
00e80223
0047a703
00072703
00a70623
00c32023
0065c303
00300713
f7a00513
00676e63
0055c603
00100513
00a60c63
f7a00513
00400813
00e60863
3006a6f3
00008067
00000813
0045c703
08070063
00200613
f7a00513
fec712e3
01000613
1000e737
bcc70713
00670733
00074703
0005a503
01076733
00e66633
0047a703
00a8a023
0045a583
00072703
00000513
00b8a223
00c70623
0047a703
00b00613
00072703
00c70823
0047a703
f8700613
00072703
00c70423
0047a783
0007a783
0007c703
00078223
f75ff06f
00000613
f91ff06f
01052783
00000513
0007a703
00e5a023
0047c703
00e58223
0057c703
00e582a3
0067c703
00e58323
0077c783
00f583a3
00008067
01052583
e85ff06f
00800793
3007b7f3
00452703
0087f793
fff00513
00072683
0146c703
00177713
00070863
0006c703
00000513
00e58023
3007a7f3
00008067
00800793
3007b7f3
00452703
0087f793
00072683
01468613
00064703
02077713
fe070ce3
00b68023
3007a7f3
00008067
00800793
3007b7f3
00452703
0087f793
00072703
01474503
0ff57513
3007a7f3
01e57513
00155513
00008067
0200c7b7
ffc7a703
ff87a503
ffc7a583
fee59ae3
00008067
ff010113
00812423
00112623
00800413
30043473
fd5ff0ef
000f47b7
24078793
02004737
00f507b3
fff00693
00d72223
00a7b533
00b50533
00f72023
00a72223
00847413
30042473
00812403
00c12083
00100513
01010113
40d0106f
ff010113
00112623
f85ff0ef
000f47b7
24078793
02004737
00f507b3
fff00693
00d72223
00a7b533
00b50533
00f72023
00a72223
00700513
f8cfa0ef
00c12083
00000513
01010113
00008067
00008067
00000513
00008067
ff010113
00112623
f2dff0ef
00c12083
01010113
00008067
f1dff06f
00008067
00251713
1000e7b7
00150513
a9078793
00251513
fe010113
00e78733
00a787b3
00812c23
01212823
00072403
0007a903
01312623
00112e23
00912a23
0ff00993
03246063
01c12083
01812403
01412483
01012903
00c12983
02010113
00008067
00442483
00042783
00048513
000780e7
02048863
00c4a783
00050e63
41f55713
00a74533
40e50533
00a9d463
0ff00513
00a78023
0007d703
10076713
00e79023
00840413
f9dff06f
1000c7b7
06878713
1000c7b7
09878793
00e52023
40e787b3
aaaab537
4037d793
aab50513
02a78533
00008067
00050e63
00c52783
0007a503
1ff57513
f0050513
00153513
00008067
00000513
00008067
fd010113
01412c23
01452a03
02912223
02112623
02812423
03212023
01312e23
01512a23
01612823
01712623
00000493
040a0e63
000087b7
fff78793
ffff86b7
00149713
00ea0733
00071703
06f71863
1000c7b7
1000c437
06878713
09840413
40e40433
aaaab737
40345413
aab70713
02e40433
00060b13
00058a93
00000913
06878993
01800b93
04991063
00048513
02c12083
02812403
02412483
02012903
01c12983
01812a03
01412a83
01012b03
00c12b83
03010113
00008067
f8d70ae3
00148493
f7dff06f
00191793
00fa07b3
00079783
00000513
00f05a63
00f46863
fff78513
03750533
00a98533
000b0593
000a80e7
f8054ee3
00190913
f8dff06f
1000f7b7
abc7a503
0a850513
00008067
00800793
3007b7f3
0000006f
ff010113
00112623
fedff0ef
fe010113
00812c23
01212823
00112e23
00912a23
00050913
00b12623
00800413
30043473
454010ef
00c12583
00050493
00090513
fc1ff0ef
00847413
30042473
01812403
01c12083
01012903
00048513
01412483
02010113
5280106f
fd010113
02812423
0c000413
028507b3
03212023
1000e437
01810913
1000e637
02912223
00050693
00050493
aa460613
00800593
00090513
d3840413
02112623
00f40433
f85f80ef
01800693
02d486b3
1000f737
ab470713
100135b7
00949493
00100793
2e058593
01212223
00f12023
009585b3
00d70733
1000a6b7
00000793
00040513
00f00893
00000813
e2068693
20000613
34c000ef
00d44783
ffb7f793
00f406a3
02c12083
02812403
02412483
02012903
03010113
00008067
ff010113
1000e7b7
00100713
00200513
00112623
c2e78c23
cb1ff0ef
3fc020ef
00300513
ca5ff0ef
4dc000ef
dadf80ef
1000e7b7
df878793
00c7c703
ffe77713
00e78623
00c12083
01010113
00008067
1000e537
1000f7b7
be050613
adc78793
40c78633
00000593
be050513
ea4ff06f
f2010113
0c812c23
10100793
1000f437
ab440413
00f11e23
01010793
0c112e23
00f42423
0c912a23
0d212823
0a012e23
0c012023
c21ff0ef
00000513
c1dff0ef
00100513
c15ff0ef
1ac010ef
1000e7b7
ab078793
1000e4b7
00f12223
100096b7
00100793
1000f5b7
df848913
00000893
00000813
00000713
7cc68693
00004637
2e058593
00f12023
df848513
00000793
01242c23
220000ef
00d94783
df848513
ffb7f793
00f906a3
501000ef
00000513
e25ff0ef
1000e7b7
d3878793
00f42623
100147b7
ce078793
00040a23
00f42223
00800513
30053573
00857513
9a9f60ef
fe010113
00912a23
01212823
00112e23
00812c23
01312623
00050493
00058913
00800793
3007b7f3
1000f737
ad872403
0087f793
00800993
02041263
3007a7f3
01c12083
01812403
01412483
01012903
00c12983
02010113
00008067
3007a7f3
00090593
00040513
000480e7
3009b7f3
08442403
0087f793
fc1ff06f
1000f7b7
ab47a503
00a03533
00008067
00800713
30073773
1000f6b7
ab468693
0246a783
00877713
00a79c63
0847a783
02f6a223
30072773
00008067
00068793
fe078ae3
0847a683
fea69ae3
08452683
08d7a223
fe1ff06f
ff010113
00812423
00112623
00050413
00051663
1000f7b7
abc7a403
08840513
02000613
b24ff0ef
0a0403a3
00c12083
00812403
00000513
01010113
00008067
08850513
00008067
00d54783
00400713
06e78263
02f76263
00100713
06e78263
06078663
00200713
06e78863
1000e537
ab850513
00008067
01000713
06e78463
00f76c63
00800713
fee792e3
1000e537
ad450513
00008067
02000713
04e78a63
08000713
fce794e3
1000e537
af450513
00008067
1000e537
ac850513
00008067
1000e537
afc50513
00008067
1000d537
c2450513
00008067
1000e537
ac050513
00008067
1000e537
adc50513
00008067
1000e537
ae850513
00008067
3290006f
fd010113
02112623
02812423
02912223
03212023
01312e23
01412c23
01512a23
01612823
01712623
01812423
00078b13
06850793
06f52423
06f52623
03012783
00f60613
00058913
ff067493
00f50623
00400793
00050413
01150723
00f506a3
009589b3
00048613
00052423
000507a3
00052c23
00052e23
0aa00593
00090513
00068c13
00070b93
00080a93
03412a03
b5cff0ef
000b0793
0b242623
0a942823
0a042a23
000a8813
000b8713
000c0693
00098613
00090593
00040513
d89fe0ef
00800793
06042223
07842a23
07742c23
07642e23
09542023
3007b7f3
1000f737
ab470693
0246a603
0087f793
0286a223
08c42223
3007a7f3
ab470493
040a0c63
01f00613
000a0593
08840513
93cff0ef
0a0403a3
0084a783
02c12083
00098513
0b87a783
02412483
02012903
0af42c23
02812403
01c12983
01812a03
01412a83
01012b03
00c12b83
00812c03
03010113
00008067
08040423
fbdff06f
fe010113
02012303
01212823
00012223
02812903
00612023
00812c23
00912a23
00112e23
00050413
02c12483
e79ff0ef
fff00693
00d91463
01248a63
0124e7b3
02079463
00040513
181000ef
00040513
01c12083
01812403
01412483
01012903
02010113
00008067
1000a5b7
00090613
00048693
66458593
01840513
10c010ef
fcdff06f
fd010113
03212023
02812423
02912223
02112623
01312e23
01412c23
01512a23
84418413
84418493
84418913
05246063
628000ef
00048413
fff00993
00900a13
1000aab7
07246663
02812403
02c12083
02412483
02012903
01c12983
01812a03
01412a83
03010113
4190006f
02c42783
00f12223
02042783
00f12023
01442783
01c42883
01842803
01042703
00c42683
00842603
00442583
00042503
d85ff0ef
00042783
0687a223
03040413
f81ff06f
02442783
03378863
00042483
0007d463
00000793
00978513
41f7d593
00f537b3
00b785b3
01451c63
00059a63
00048513
065000ef
03040413
f5dff06f
00a00613
00000693
d20f60ef
00050613
00058693
01848513
664a8593
7fd000ef
fd9ff06f
0ac52683
0b052703
00000793
0aa00613
00e79863
00f5a023
00000513
00008067
00f68533
00054503
fec516e3
00178793
fe1ff06f
02070537
60050513
00008067
ff010113
00812423
00112623
00800413
300437f3
d89f90ef
ff9ff06f
00052423
00052623
00a52023
00a52223
00000513
00008067
fd010113
02912223
02112623
02812423
03212023
01312e23
00800493
3004b4f3
00c52703
1000f7b7
0084f493
ab478793
02070263
00852803
0087a683
04d80c63
00c5e7b3
04079c63
3004a4f3
ff000513
0280006f
0087a683
00e68683
0087a783
00170713
00d52823
00e52623
00f52423
3004a4f3
00000513
02c12083
02812403
02412483
02012903
01c12983
03010113
00008067
01052683
fc5ff06f
00e80883
00e68783
00f8d463
00088793
f8000713
00e79463
f8100793
00060713
00058693
00050413
00000913
0317d263
00b12423
00080513
00078593
00c12623
125000ef
00c12703
00812683
00050913
1000f9b7
00040613
00048593
adc98513
071000ef
f6050ce3
00800493
3004b4f3
00842503
0084f493
04050263
00042783
01042583
02f40063
00078e63
00e78783
00b7d463
00078593
f8100793
00f5d463
f8100593
00e50783
00f58863
0b9000ef
00050463
00100913
00197913
00090c63
00048593
adc98513
30c000ef
ff500513
f0dff06f
3004a4f3
ff5ff06f
00852783
0c078263
1000f737
abc72703
ff010113
00812423
00112623
00912223
00050413
fff00513
02e79663
00f7c703
fff70713
00e787a3
00c42783
00100713
02f77463
fff78793
00f42623
139000ef
00000513
00c12083
00812403
00412483
01010113
00008067
00800493
3004b4f3
00842503
01042583
0084f493
00e50783
00f58463
005000ef
00040513
189000ef
00a42423
02050463
00e50703
00e42823
0a052e23
574000ef
1000f537
00048593
adc50513
244000ef
f95ff06f
00042623
3004a4f3
f89ff06f
fea00513
00008067
ff010113
00812423
00912223
00112623
00050493
00800413
30043473
00847413
125000ef
02050663
0a052e23
51c000ef
00040593
00812403
00c12083
00412483
1000f537
adc50513
01010113
1dc0006f
0084a703
00c4a783
00200593
01048513
40e787b3
00f037b3
00e787b3
00f4a423
1f5010ef
fbdff06f
00452703
00052783
00f72023
00e7a223
00052023
00052223
00008067
ff010113
00812423
00112623
00050413
fd5ff0ef
00d44783
00042423
00c12083
ffd7f793
00f406a3
00812403
01010113
00008067
00e50783
00e58503
00a78663
40f50533
00008067
00000513
00008067
ff010113
00812423
1000e437
c2440413
00042783
00112623
02078863
ad0ff0ef
00042783
00812403
00c12083
00a78533
1000f737
aca72223
00000593
00078513
01010113
6090006f
00c12083
00812403
01010113
00008067
ff010113
00812423
00912223
00112623
00058493
00800413
30043473
1000f7b7
ac07a223
00950793
00a7b5b3
00847413
02059c63
00a00513
02a7d533
1000e7b7
c2a7a223
1000e7b7
c297a023
f5dff0ef
30042473
00c12083
00812403
00412483
01010113
00008067
00a00613
00000693
00078513
898f60ef
fc5ff06f
ff010113
00812423
00112623
00800413
30043473
ec9ff0ef
00847413
30042473
00c12083
00812403
01010113
00008067
ff010113
00812423
00912223
00112623
00050493
00800413
30043473
e91ff0ef
00847413
30042473
00812403
00c12083
01848513
00412483
01010113
4c90006f
0085f713
02070463
1000f7b7
ab47a683
00069e63
ab478793
0187a683
0087a783
00f68663
00058513
fd5f506f
30072773
00008067
00857793
00078a63
1000f737
ab472703
00071463
fb5f506f
3007a7f3
00008067
00800513
30053573
00857513
fd5ff06f
00800793
3007b7f3
1000f737
abc72683
00f6c703
fff70713
00e687a3
0087f793
3007a7f3
00008067
00052783
00f51463
00000793
00078513
00008067
fe010113
00912a23
00050493
1000f537
ad050513
00812c23
00112e23
1000f437
fcdff0ef
ab440413
00051463
00c42503
00842783
02049a63
00d7c703
01f77713
02071463
00e7d683
07f00713
00d77e63
00f42c23
01c12083
01812403
01412483
02010113
00008067
00f50863
00a12623
dadff0ef
00c12503
00a42c23
fd9ff06f
ff010113
00812423
00112623
00d54783
00050413
01879713
41875713
00075863
07f7f793
00f506a3
d09ff0ef
00d44783
1000f737
ab470693
f807e793
00f406a3
01c6a783
0206a583
1000f6b7
ad068693
ab470713
04d78c63
04078a63
00e40503
00e78603
02c50e63
40a60633
02c05a63
0047a683
00f42023
00d42223
0086a023
0087a223
00872503
00c12083
40850533
00812403
00153513
01010113
ee5ff06f
00b78663
0007a783
fa079ce3
00d42023
00b42223
0085a023
02872023
fc9ff06f
ff010113
00812423
00112623
00800413
30043473
1000e7b7
c247a703
1000f7b7
00847413
ab478793
06070863
0087a703
07f00693
00e75603
06c6e063
00d74603
01f67613
04061a63
1000e6b7
00e70603
c206a683
04d64263
1000e637
d3860613
02c70c63
0107a683
02d54263
00070513
ed1ff0ef
c69ff0ef
30042473
00c12083
00812403
01010113
00008067
40a686b3
00d7a823
fe5ff06f
0007a823
fddff06f
00d54783
01879713
41875713
08074863
01f7f713
08071463
01852703
08071063
f807e793
1000f737
ab470693
00f506a3
01c6a783
0206a583
1000f6b7
ad068693
ab470713
04d78263
04078063
00e50803
00e78603
02c80463
41060633
02c05063
0047a703
00f52023
00e52223
00a72023
00a7a223
00000513
da9ff06f
00b78663
0007a783
fc0796e3
00d52023
00b52223
00a5a023
02a72023
fddff06f
00008067
ff010113
00812423
00112623
00800413
30043473
f4dff0ef
00847413
30042473
00c12083
00812403
01010113
00008067
00800593
3005b5f3
00d54703
0085f593
00477693
00069663
3005a5f3
00008067
fe010113
00112e23
ffb77713
00e506a3
00b12623
efdff0ef
00c12583
01c12083
1000f537
adc50513
02010113
c65ff06f
ff010113
00912223
00112623
00812423
01212023
00800493
3004b4f3
ff554783
0084f493
0287f793
02079863
ff052783
00050413
fe850913
00078663
00090513
a8dff0ef
ff544783
00090513
feb7f793
fef40aa3
e8dff0ef
3004a4f3
00c12083
00812403
00412483
00012903
01010113
00008067
ff010113
00812423
00112623
00d54783
00050413
01879713
41875713
00075863
07f7f793
00f506a3
a15ff0ef
1000f7b7
abc7a503
00c12083
40850533
00812403
00153513
01010113
c45ff06f
fe010113
00812c23
00b12623
00050413
00112e23
fa1ff0ef
00d44783
00c12583
0027e793
00f406a3
02058e63
0005a783
00b42423
04f58863
04078663
00e40683
00e78703
02e68863
40d70733
02e05463
0047a703
00f42023
00e42223
00872023
0087a223
01c12083
01812403
02010113
00008067
0045a703
00e78663
0007a783
fc0790e3
0045a783
00b42023
00f42223
0087a023
0085a223
fcdff06f
fd010113
03212023
02112623
02812423
02912223
01312e23
00058913
00800793
3007b7f3
1000f7b7
abc7a403
00060593
00068493
00040513
00d12623
00070993
00e12423
f21ff0ef
fff00793
00812703
00c12683
00f49463
00998e63
1000a5b7
00068613
66458593
00070693
01840513
5a4000ef
02812403
02c12083
02412483
01c12983
00090513
02012903
03010113
a71f506f
ff010113
00812423
00912223
00112623
01212023
00050413
00800493
3004b4f3
00d54783
01859913
0084f493
01f7f713
41895913
0a071e63
01852703
0a071a63
07f7f793
00f506a3
879ff0ef
00d44783
1000f737
1000f6b7
f807e793
00f406a3
ab470793
01c7a783
01240723
ad068693
ab470713
06d78263
06078063
02072583
00e78603
04c90463
41260633
04c05063
0047a703
00f42023
00e42223
00872023
0087a223
00100513
a69ff0ef
00100513
3004a4f3
00c12083
00812403
00412483
00012903
01010113
00008067
00b78663
0007a783
fa0796e3
02072783
00d42023
00f42223
0087a023
02872023
fb9ff06f
01240723
00000513
fb9ff06f
ff010113
00812423
00112623
00800413
30043473
1000f7b7
abc7a703
00000513
00847413
00f74783
00178793
00f707a3
9e5ff0ef
30042473
00812403
00c12083
01010113
985ff06f
ff010113
00812423
00112623
00912223
00800413
30043473
9a1ff0ef
00847413
00050493
00050463
f70ff0ef
30042473
00c12083
00812403
00048513
00412483
01010113
00008067
ff010113
00812423
00112623
00912223
00800413
30043473
959ff0ef
00847413
00050493
00050863
f28ff0ef
01848513
578000ef
30042473
00c12083
00812403
00048513
00412483
01010113
00008067
1000f7b7
1000f737
ab478793
ad070713
00e7ae23
02e7a023
00000593
00000513
f88ff06f
ff010113
00912223
00112623
00812423
01212023
00800493
3004b4f3
1000f437
ab440913
00892503
0084f493
00d54783
07f7f793
00f506a3
e88ff0ef
00892783
1000f637
ad060613
00d7c703
ab440693
f8076713
00e786a3
01c92703
06c70263
06070063
0206a803
00e78503
00e70583
04b50263
40a585b3
02b05e63
00472683
00e7a023
00d7a223
00f6a023
00f72223
00100513
87dff0ef
00812403
00c12083
00012903
00048513
00412483
01010113
fbcf506f
01070663
00072703
fa0718e3
0206a703
00c7a023
00e7a223
00f72023
02f6a023
fbdff06f
1000f7b7
abc7a503
00008067
fe010113
00112e23
00812c23
00912a23
01212823
01312623
00800793
3007b7f3
0087f913
00d54783
0087f713
02070263
30092573
01c12083
01812403
01412483
01012903
00c12983
02010113
00008067
fdf7f713
00876713
01871693
4186d693
00050413
0606c263
00e506a3
00842783
00078663
00040513
d80ff0ef
01840513
3d0000ef
06840993
06842483
01348463
04049663
00100513
f94ff0ef
00040513
dd1fe0ef
1000f737
ab470793
0087a783
f88790e3
ab472783
f6079ce3
00090513
ec8f50ef
f6dff06f
05f7f793
0087e793
00f506a3
d08ff0ef
f95ff06f
00048513
d18ff0ef
01848513
368000ef
00048513
0a04ae23
919ff0ef
f91ff06f
f05ff06f
fe010113
00812c23
00112e23
00912a23
00b12623
00c12423
00800413
30043473
00847413
ef4ff0ef
04050463
00c12583
00812603
00050493
0ab52e23
00c52a23
cb8ff0ef
01848513
308000ef
00048513
8bdff0ef
00100513
30042473
01c12083
01812403
01412483
02010113
00008067
00000513
fe5ff06f
fe010113
00f12623
00112e23
b05ff0ef
00c12783
00078a63
1000f737
abc72703
01472703
00e7a023
01c12083
02010113
00008067
1000e7b7
c287a783
00079463
f7cfe06f
00000513
00008067
00052783
02050c63
8301a703
02e50863
02078663
0107a703
01052683
01452583
0147a603
00d706b3
00e6b733
00b60633
00c70733
00d7a823
00e7aa23
00452703
00f72023
00e7a223
00052023
00052223
00008067
ff010113
82c18793
00812423
0007a403
00112623
00f41463
00000413
f79ff0ef
04040c63
01042683
01442703
41f55793
40a68533
00a6b6b3
40f707b3
40d787b3
02f04c63
00079463
02054863
0007d463
00000513
1000f7b7
ac47a783
00078663
00a7d463
00078513
00c12083
00812403
01010113
00008067
80000537
fff54513
fd5ff06f
fff00813
01061463
1ac68463
fe010113
00812c23
00912a23
01212823
01312623
00112e23
00068993
00060493
00050413
00b52423
00800913
30093973
ffe00693
40c687b3
00f6b733
fff9c793
40e787b3
00897913
0607cc63
1000e7b7
bf078793
0007a703
0047a783
40e68733
00e6b6b3
fff7c793
40d787b3
40c704b3
00973733
413786b3
40e686b3
00d04a63
00069463
00049663
00100493
00000693
00942823
00d42a23
82c18713
00072783
82c18613
00472803
06c79463
00c42023
01042223
00882023
00862223
0a00006f
e45ff0ef
00148793
0097b4b3
41f55693
013484b3
00a78533
00f537b3
00d484b3
009784b3
00a42823
00942a23
fadff06f
40e68733
00e6b6b3
40a585b3
40d586b3
00e42823
00d42a23
faf802e3
0007a783
f8078ee3
0147a503
01442583
0107a703
01042683
00a5c663
fcb514e3
fce6f2e3
40d706b3
00d73733
40b505b3
40e58733
00e7aa23
0047a703
00d7a823
00f42023
00e42223
00872023
0087a223
00062783
02c78263
02f41063
e09ff0ef
00050863
1000f7b7
ac47a783
00a78663
00000593
d08fe0ef
30092973
01c12083
01812403
01412483
01012903
00c12983
02010113
00008067
00008067
ff010113
00812423
00112623
00800413
30043473
00052783
00847413
02078063
d55ff0ef
00000513
30042473
00c12083
00812403
01010113
00008067
fea00513
fe9ff06f
fe010113
00812c23
00912a23
00112e23
00050493
00b12623
00800413
30043473
d65ff0ef
00100793
00847413
00a7da63
00c12583
00954663
00048513
c60fe0ef
30042473
01c12083
01812403
01412483
02010113
00008067
fe010113
00812c23
00912a23
00112e23
01212823
01312623
01412423
01512223
01612023
00050493
00800413
c54ff0ef
30043473
1000eab7
1000e9b7
c29aa423
00847413
c28a8a93
82c18a13
bf098993
00800b13
000aa783
000a2483
0009a703
0049a503
41f7d613
03448a63
02048863
0144a683
0104a903
00d64663
06c69a63
0727f863
40f905b3
00b93933
40c686b3
41268933
00b4a823
0124aa23
00e78733
00f737b3
00a60633
00c787b3
00e9a023
00f9a223
000aa023
c75ff0ef
00000593
b84fe0ef
30042473
01c12083
01812403
01412483
01012903
00c12983
00812a03
00412a83
00012b03
02010113
00008067
00e90733
41f95613
012736b3
00000793
00000813
00a60633
00c68633
00f4a823
0104aa23
00048513
00e9a023
00c9a223
bb9ff0ef
30042473
0084a783
00048513
000780e7
300b3473
000aa783
00847413
41278933
012aa023
f0dff06f
ff010113
00812423
00112623
00800413
30043473
b61ff0ef
1000e7b7
bf078793
00050593
41f55713
0007a503
0047a783
00847413
00a58533
00b535b3
00f70733
00e585b3
30042473
00c12083
00812403
01010113
00008067
fa9ff06f
06050263
ff010113
00112623
00812423
00912223
00050413
a90fe0ef
00050493
05f5e537
10050513
02a435b3
000f4637
24060613
00000693
02a40533
8dcf50ef
00050413
a64fe0ef
40950533
fe856ce3
00c12083
00812403
00412483
01010113
00008067
00008067
ff010113
00812423
00912223
00112623
01212023
00050493
00800413
30043473
02852783
02c52603
00847413
00178713
00f737b3
00c787b3
00079663
00100693
00e6fe63
0284a603
02c4a683
1000b5b7
23458593
00048513
b49ff0ef
0304a783
00178793
02f4a823
0204a783
02078063
30042473
0204a783
00048513
00800413
000780e7
30043473
00847413
0184a903
01848493
00990463
02091063
30042473
00c12083
00812403
00412483
00012903
01010113
00008067
00090513
f65fe0ef
0a092e23
30042473
00812403
00c12083
00412483
00090513
00012903
01010113
ad0ff06f
01850793
02b52023
02c52223
02052823
00f52c23
00f52e23
00052023
00052223
02052a23
00008067
fd010113
01312e23
02112623
02812423
02912223
03212023
fff00813
00068793
00058993
00060693
01059463
0cb60e63
fff00813
00078413
00070913
01079463
04f70463
00f76833
04080063
ffe00893
40f88833
0108b8b3
fff74813
41180833
02085463
fff78413
00f437b3
fff70713
00e78933
01204a63
00091463
00041663
00100413
00000913
ffe00713
40b707b3
00f73733
fff64793
40e787b3
0207d263
fff58793
00b7b5b3
fff60693
00d586b3
00078993
0006d663
00000993
00000693
00050493
00d12623
b81ff0ef
0284a423
02812403
0324a623
0204a823
00c12683
02c12083
02012903
00098613
00048513
01c12983
02412483
1000b5b7
23458593
03010113
991ff06f
02c12083
02812403
02412483
02012903
01c12983
03010113
00008067
ff010113
00812423
00112623
00050413
b15ff0ef
04051063
02442783
00078663
00040513
000780e7
01840513
d08ff0ef
02050263
94cff0ef
00800513
30053573
00812403
00c12083
00857513
01010113
e45fe06f
00c12083
00812403
01010113
00008067
00800793
3007b7f3
00052703
0087f793
00b71a63
00c52023
00100513
3007a7f3
00008067
00000513
ff5ff06f
00800793
3007b7f3
00052703
0087f793
00b705b3
00b52023
3007a7f3
00070513
00008067
00052503
00008067
00800793
3007b7f3
00052703
0087f793
00b765b3
00b52023
3007a7f3
00070513
00008067
00800793
3007b7f3
00052703
0087f793
00b775b3
00b52023
3007a7f3
00070513
00008067
01400793
02f585b3
00800713
00100813
00b505b3
00b51463
00008067
ff85a783
fe05aa23
0087d793
01f7f793
02f76663
00f817b3
1167f793
02078063
fec5a783
00078c63
ff05a683
00f6a023
00d7a223
fe05a623
fe05a823
00867613
30062673
30073673
fec58593
00867613
fa9ff06f
00052703
fe010113
00812c23
00912a23
00112e23
01212823
01312623
00050413
00058493
00452783
02e51a63
00442783
0084a023
00f4a223
0097a023
00942223
01c12083
01812403
01412483
01012903
00c12983
02010113
00008067
fc0788e3
0087a783
00000513
00078463
f9078513
00000993
00060463
f9060993
00098593
b0dfe0ef
faa044e3
00042903
fb2400e3
f8090ee3
00892783
00000593
00078463
f9078593
00098513
ae5fe0ef
00a05e63
00492783
0124a023
00f4a223
0097a023
00992223
f7dff06f
00442783
f6f900e3
00092903
fbdff06f
fc010113
03612023
fff82b37
02812c23
02912a23
03312623
03412423
03512223
01712e23
01812c23
01912a23
01a12823
01b12623
02112e23
03212823
00058c93
00060d93
00068d13
00050413
00000a13
00000993
00800a93
00200493
00400b93
00100c13
fffb0b13
059a4263
03c12083
03812403
00098513
03412483
03012903
02c12983
02812a03
02412a83
02012b03
01c12b83
01812c03
01412c83
01012d03
00c12d83
04010113
00008067
300ab973
00c42783
00897913
0087d793
01f7f793
04978c63
02f4ec63
0b878663
080d1c63
000dc783
08078863
00c42783
0087d793
01f7f793
0c978063
0af4e063
0d878863
01b42423
00198993
06c0006f
03778863
fd5796e3
01042783
01000693
0207a783
fa078ee3
0280006f
01042783
0087a783
fa0786e3
00200693
0140006f
01042783
0007a783
00400693
f8078ae3
00c42703
00042423
00d75793
03f7f793
00d7e7b3
00d79793
01677733
00f767b3
00f42623
000d8023
30092973
001a0a13
01440413
ef9ff06f
01042783
0087a783
f40788e3
00100693
fb9ff06f
01778e63
f75792e3
01042503
000d8613
00040593
02450513
0140006f
01042503
000d8613
00040593
01050513
d75ff0ef
f39ff06f
000d8613
00040593
01042503
fedff06f
fd010113
02812423
00852403
02912223
03212023
02112623
01312e23
00050913
00058493
02040063
00144783
00100713
0ce79263
f9d44783
0027f793
02079e63
00040023
00c92783
00092423
00000513
00d7d713
00e4e4b3
fff82737
03f4f493
fff70713
00d49493
00e7f7b3
0097e4b3
00992623
0240006f
fb842703
ffe00793
02f71a63
fbc42703
fff00793
02f71463
00040023
ff500513
02c12083
02812403
02412483
02012903
01c12983
03010113
00008067
f9040993
00098513
94dfe0ef
00800713
ffc00793
00e48463
00000793
04f42623
f9d44783
01f7f793
f60792e3
fa842783
f4079ee3
00098513
c7dfe0ef
f51ff06f
00200713
f4e794e3
00044783
f40782e3
ffc42983
f2098ce3
fec40593
01440513
00b12623
df4ff0ef
00c12583
02042623
00098513
5b0000ef
f15ff06f
01f5f593
00859793
00c52583
ffffe737
0ff70713
00e5f5b3
00f5e5b3
fff807b7
00167613
fff78793
01361613
00f5f5b3
00c5e5b3
00082637
fff60613
00c5f5b3
00052423
00b52623
00d52823
00008067
fd010113
1000f7b7
03212023
abc7a903
02812423
01312e23
01412c23
01512a23
01612823
02112623
02912223
00100793
00d66b33
00d12623
00060a93
06f90823
06f908a3
001b3693
07090613
00050993
c65ff0ef
00050a13
00800413
300434f3
07094783
0084f493
00c12703
04079463
00050593
00048613
00098513
af1ff0ef
3004a4f3
00000493
02c12083
02812403
00048513
02012903
02412483
01c12983
01812a03
01412a83
01012b03
03010113
00008067
06090823
000b1863
3004a4f3
ff500493
fc5ff06f
1000f537
00048593
000a8693
83418613
adc50513
ce9fe0ef
00050493
30043473
00847413
00040613
000a0593
00098513
a75ff0ef
30042473
f89ff06f
00052783
02f50263
0047a683
0007a703
00078513
00e6a023
00d72223
0007a023
0007a223
d59ff06f
00008067
00a52023
00a52223
00052423
00008067
00052423
00008067
00852783
00f5a023
00c52783
00f62023
00008067
ff010113
00812423
00112623
00912223
00800413
30043473
00100793
00f52423
00052783
00b52623
00847413
02f51263
30042473
00000493
00c12083
00812403
00048513
00412483
01010113
00008067
0047a683
0007a703
00100593
00078513
00e6a023
00d72223
0007a023
0007a223
cb5ff0ef
00050493
1000f537
00040593
adc50513
ee8fe0ef
fb1ff06f
1000d637
1000e5b7
1000e537
c2460613
b0458593
b0c50513
a51f606f
fe010113
1000e7b7
100145b7
1000e537
b3478793
00810713
eb850513
fff00693
40000613
ce058593
00112e23
00f12423
00010623
35c000ef
01c12083
00000513
02010113
00008067
00052703
00100793
00b797b3
fff7c793
00e7f7b3
00f52023
00b75533
00157513
00008067
00050a63
00000613
00000593
0c850513
fbdfe06f
00008067
fc010113
02912a23
03312623
03412423
03512223
03612023
01712e23
01812c23
02112e23
02812c23
03212823
01912a23
01a12823
01b12623
00050493
00800993
1000ea37
0d850a93
0d050b13
0c850b93
1000fc37
3009b973
0c04a403
00897913
02041a63
00200593
000a8513
f59ff0ef
08051263
00000793
fff00693
fff00713
000b8613
00090593
adcc0513
fa1fe0ef
fc5ff06f
00042783
0c44a703
0cf4a023
00e41463
0cf4a223
0d84a783
0027e793
0cf4ac23
00c42783
ffb7f793
0017e793
00f42623
00442783
30092973
00040513
000780e7
3009bd73
00c42783
008d7d13
0027f693
ffe7f713
02069063
00e42623
02c0006f
00000613
00100593
000b0513
eb5fe0ef
f6dff06f
c2ca2503
ffc7f793
00f42623
c2ca0c93
02051263
0d84a783
ffd7f713
0ce4ac23
300d2d73
1007f793
f20792e3
c9dfe0ef
f1dff06f
00052d83
00000913
00452703
00050793
02e41663
00052783
02091c63
004ca703
00fca023
00e51463
00fca223
00052023
00850513
aa8fe0ef
00090793
fa0d82e3
000d8513
00078913
000dad83
fbdff06f
00f92023
004ca783
fcf51ae3
012ca223
fcdff06f
00c52783
fe010113
01312623
0017d713
00112e23
00812c23
00912a23
01212823
00177713
00058993
06071e63
0027d713
00177713
0e071263
0005a703
00050413
00071663
00852703
00e5a023
0017f793
00100913
00078863
00842783
00200913
00f9a023
0009a483
0a048c63
1000f7b7
abc7a783
00000513
00979863
af9fd0ef
00154513
0ff57513
0d84a783
0027d713
0017f693
00177713
08068863
00070a63
00051e63
ff000913
0009a023
0400006f
0037d793
0017f793
fe0796e3
00042023
0c44a783
04079463
0c84a223
0c84a023
00048513
d75ff0ef
00c42783
0047e793
00f42623
0009a783
00f42423
01c12083
01812403
00090513
01412483
01012903
00c12983
02010113
00008067
0087a023
0c84a223
fbdff06f
00000913
f8dff06f
fea00913
f85ff06f
fed00913
f7dff06f
fe010113
00812c23
00112e23
00a12623
00800413
00058513
30043473
00c10593
eb1ff0ef
00847413
30042473
01c12083
01812403
02010113
00008067
fe010113
00812c23
00912a23
00112e23
0c850793
0cf52423
0cf52623
0d050793
0cf52823
0cf52a23
0c052023
0c052223
00050413
00070493
00100793
00070863
00474703
00070463
10100793
0cf42c23
fff00713
fff00793
00068893
1000c6b7
00e12423
00f12623
00012023
00000813
00000793
00040713
c8468693
00040513
c3dfd0ef
00048a63
0004a583
00058663
00040513
9cdfd0ef
00040513
01812403
01c12083
01412483
02010113
ab1fd06f
1000930c
1000c068
100090d8
00000000
1000941c
1000c080
100077ec
00000000
1000bc00
00000000
1000da68
1000dbd0
1000da70
100143a4
1001438c
1000c310
1000da84
00000000
00000000
100143a8
00000000
1000c30c
00000000
100088b0
00000000
100088b0
00000000
100088b0
00000000
100088b0
00000000
100088b0
00000000
100088b0
00000000
100088b0
00000000
100093c0
00000000
100088b0
00000000
100088b0
00000000
100088b0
00000000
100088b0
00000000
100088b0
00000000
100088b0
00000000
100088b0
00000000
100088b0
00000000
100088b0
00000000
100088b0
00000000
100088b0
00000000
100088b0
00000000
100088b0
00000000
100088b0
00000000
100088b0
00000000
100088b0
00000000
100088b0
00000000
100088b0
00000000
100088b0
00000000
100088b0
00000000
100088b0
00000000
100088b0
00000000
100088b0
00000000
100088b0
00000000
100088b0
00000000
100088b0
00000000
100088b0
00000000
100088b0
00000000
100088b0
00000000
100088b0
00000000
100088b0
00000000
100088b0
00000000
100088b0
00000000
100088b0
00000000
100088b0
00000000
100088b0
00000000
100088b0
00000000
100088b0
00000000
100088b0
00000000
100088b0
00000000
100088b0
00000000
100088b0
00000000
100088b0
00000000
100088b0
00000000
100088b0
00000000
100088b0
00000000
100088b0
00000000
100088b0
00000000
100088b0
00000000
100088b0
00000000
100088b0
00000000
100088b0
00000000
100088b0
00000000
100088b0
00000000
100088b0
00000000
100088b0
1000d460
10014378
1000e77c
1001433c
00000002
1000d434
00000000
00000000
1000d46c
1000dc78
1000eae0
00000000
1000d498
00000000
1000c95c
00000000
1000cd04
00000000
1000ce64
00000000
1000d100
00000000
1000d4ac
00000000
1000ca1c
00000000
1000d4c0
00000000
1000d4d4
7fff7fff
7fff7fff
ffff7fff
02020100
03030303
04040404
04040404
05050505
05050505
05050505
05050505
06060606
06060606
06060606
06060606
06060606
06060606
06060606
06060606
07070707
07070707
07070707
07070707
07070707
07070707
07070707
07070707
07070707
07070707
07070707
07070707
07070707
07070707
07070707
07070707
08080808
08080808
08080808
08080808
08080808
08080808
08080808
08080808
08080808
08080808
08080808
08080808
08080808
08080808
08080808
08080808
08080808
08080808
08080808
08080808
08080808
08080808
08080808
08080808
08080808
08080808
08080808
08080808
08080808
08080808
08080808
08080808
70206b36
6f667265
6e616d72
72206563
70206e75
6d617261
72657465
6f662073
6f632072
616d6572
0a2e6b72
00000000
76206b36
64696c61
6f697461
7572206e
6170206e
656d6172
73726574
726f6620
726f6320
72616d65
000a2e6b
666f7250
20656c69
656e6567
69746172
72206e6f
70206e75
6d617261
72657465
6f662073
6f632072
616d6572
0a2e6b72
00000000
70204b32
6f667265
6e616d72
72206563
70206e75
6d617261
72657465
6f662073
6f632072
616d6572
0a2e6b72
00000000
76204b32
64696c61
6f697461
7572206e
6170206e
656d6172
73726574
726f6620
726f6320
72616d65
000a2e6b
5d75255b
4f525245
6c202152
20747369
20637263
30257830
2d207834
6f687320
20646c75
30206562
34302578
00000a78
5d75255b
4f525245
6d202152
69727461
72632078
78302063
78343025
73202d20
6c756f68
65622064
25783020
0a783430
00000000
5d75255b
4f525245
73202152
65746174
63726320
25783020
20783430
6873202d
646c756f
20656220
30257830
000a7834
65726f43
6b72614d
7a695320
20202065
25203a20
000a756c
61746f54
6974206c
20736b63
20202020
25203a20
0a756c6c
00000000
61746f54
6974206c
2820656d
73636573
25203a29
00000a64
72657449
6f697461
532f736e
20206365
25203a20
00000a64
4f525245
4d202152
20747375
63657865
20657475
20726f66
6c207461
74736165
20303120
73636573
726f6620
76206120
64696c61
73657220
21746c75
0000000a
72657449
6f697461
2020736e
20202020
25203a20
000a756c
38434347
302e322e
00000000
706d6f43
72656c69
72657620
6e6f6973
25203a20
00000a73
706d6f43
72656c69
616c6620
20207367
25203a20
00000a73
4c4c414d
0000434f
6f6d654d
6c207972
7461636f
206e6f69
25203a20
00000a73
64656573
20637263
20202020
20202020
30203a20
34302578
00000a78
5d64255b
6c637263
20747369
20202020
203a2020
30257830
000a7834
5d64255b
6d637263
69727461
20202078
203a2020
30257830
000a7834
5d64255b
73637263
65746174
20202020
203a2020
30257830
000a7834
5d64255b
66637263
6c616e69
20202020
203a2020
30257830
000a7834
72726f43
20746365
7265706f
6f697461
6176206e
6164696c
2e646574
65655320
41455220
2e454d44
6620646d
7220726f
61206e75
7220646e
726f7065
676e6974
6c757220
0a2e7365
00000000
6f727245
64207372
63657465
0a646574
00000000
6e6e6143
7620746f
64696c61
20657461
7265706f
6f697461
6f66206e
68742072
20657365
64656573
6c617620
2c736575
656c7020
20657361
706d6f63
20657261
68746977
73657220
73746c75
206e6f20
6e6b2061
206e776f
74616c70
6d726f66
00000a2e
3340d4b0
e7146a79
0000e3c1
1199be52
1fd75608
00000747
39bf5e47
8e3ae5a4
00008d84
10001ff8
10001ff8
10002008
10002008
10002010
10002084
10002050
100020cc
10002170
10002108
10002138
10002190
100021b0
1000c898
1000c8a4
1000c8b0
1000c8bc
1000c8f8
1000c904
1000c910
1000c91c
1000c928
1000c930
1000c938
1000c940
1000c8c8
1000c8d4
1000c8e0
1000c8ec
332e3054
46312d65
00000000
542e542d
71542b2b
00000000
2e335431
7a346534
00000000
302e3433
5e542d65
00000000
30352e35
332b6530
00000000
32312e2d
322d6533
00000000
6537382d
3233382b
00000000
362e302b
32312d65
00000000
352e3533
30303434
00000000
3332312e
30303534
00000000
3031312d
3030372e
00000000
362e302b
30303434
00000000
32313035
00000000
34333231
00000000
3437382d
00000000
3232312b
00000000
10002380
1000238c
10002398
100023a4
100023ac
1000c9a8
1000c9b4
00000000
10002560
00000000
72617453
676e6974
726f4320
72614d65
00000a6b
73636565
5f313531
65726f63
00000000
6c6c6548
6f57206f
21646c72
0a732520
00000000
65726f63
6b72616d
00000000
206e7552
65726f43
6b72614d
6e656220
616d6863
00006b72
10002f78
10002f8c
10002f8c
10002fb0
10002fb0
10003044
10002f8c
10002f8c
10003064
10003064
10003348
10003328
10003330
10003348
10003338
10003338
10003348
10003348
6c696e28
00000029
1000cc60
1000cc68
1000db40
00000000
00000000
6c637963
203a7365
68207525
79632077
73656c63
0000000a
49207025
25205152
20643230
20202020
61657228
6973206c
2520657a
3a29757a
756e7509
20646573
09757a25
67617375
7a252065
202f2075
20757a25
757a2528
29252520
0000000a
65686353
656c7564
25203a72
69732075
2065636e
7473616c
6c616320
00000a6c
65726854
3a736461
0000000a
69747055
203a656d
6d207525
00000a73
6870655a
76207279
69737265
25206e6f
64252e64
0a64252e
00000000
25207025
7330312d
65722820
73206c61
20657a69
3a297525
756e7509
20646573
75097525
65676173
20752520
7525202f
75252820
29252520
0000000a
1000cc78
1000cc80
00000000
10003ed8
00000000
1000cc90
1000cc98
00000000
10003cfc
00000000
1000ccb4
1000ccbc
00000000
10003c98
00000000
1000ccd4
1000ccdc
00000000
10003c54
00000000
1000ccec
1000ccf4
00000000
10003c04
00000000
00000000
00000000
00000000
00000000
00000000
0000002a
00000020
0000414e
70257325
312d2520
000a7330
74706f09
736e6f69
7830203a
202c7825
6f697270
79746972
6425203a
6d697420
74756f65
6425203a
0000000a
61747309
203a6574
202c7325
72746e65
25203a79
00000a70
62616e55
7420656c
6564206f
6d726574
20656e69
73756e75
73206465
6b636174
7a697320
25282065
0a0a2964
00000000
61747309
73206b63
20657a69
2c757a25
756e7520
20646573
2c757a25
61737520
25206567
2f20757a
757a2520
75252820
29252520
00000a0a
6e72656b
00006c65
6e72654b
63206c65
616d6d6f
0073646e
6c637963
00007365
6e72654b
63206c65
656c6379
00002e73
63617473
0000736b
7473694c
72687420
73646165
61747320
75206b63
65676173
0000002e
65726874
00736461
7473694c
72656b20
206c656e
65726874
2e736461
00000000
69747075
0000656d
6e72654b
75206c65
6d697470
00002e65
73726576
006e6f69
6e72654b
76206c65
69737265
002e6e6f
1000ce00
1000ce08
1000db48
00000000
00000000
20455250
4e52454b
31204c45
00000a3a
6f4e202d
000a656e
20455250
4e52454b
32204c45
00000a3a
54534f50
52454b5f
3a4c454e
0000000a
4c505041
54414349
3a4e4f49
0000000a
44414552
00000059
41534944
44454c42
00000000
69766564
3a736563
0000000a
7325202d
00000000
73252820
00000a29
65722020
72697571
203a7365
000a7325
7325202d
0000000a
5d70255b
00000000
1000c068
1000c080
1000c098
1000c098
1000c098
1000ce18
1000ce20
00000000
10004244
00000000
1000ce44
1000ce4c
00000000
10004060
00000000
00000000
00000000
00000000
00000000
00000000
69766564
00006563
69766544
63206563
616d6d6f
0073646e
6576656c
0000736c
7473694c
6e6f6320
75676966
20646572
69766564
20736563
6c207962
6c657665
00000073
7473696c
00000000
7473694c
6e6f6320
75676966
20646572
69766564
00736563
1000cfa0
1000cfa8
1000db50
10004344
00000000
626d754e
6f207265
79622066
20736574
64616572
6425203a
0000000a
6e697355
61642067
77206174
68746469
0a642520
00000000
6f636e49
63657272
61642074
77206174
68746469
0000000a
64616552
6c617620
30206575
786c2578
0000000a
74697257
20676e69
756c6176
78302065
0a786c25
00000000
00002d2d
0000652d
6e6b6e55
206e776f
6974706f
22206e6f
0a227325
00000000
6d766564
6c206d65
2064616f
70707573
7374726f
74657320
676e6974
70796220
20737361
61206e6f
6e697320
20656c67
74736e69
65636e61
00000a2e
64616f4c
2e676e69
700a2e2e
73736572
72746320
20782d6c
6c727463
7420712d
7365206f
65706163
0000000a
1000cfe4
1000cfec
00000000
10004560
00000102
00000000
00000000
00000000
00000000
00000000
6d766564
00006d65
64616552
6972772f
70206574
69737968
206c6163
6f6d656d
64227972
656d7665
6461206d
73657264
775b2073
68746469
61765b20
5d65756c
0000005d
64616f6c
00000000
67617355
640a3a65
656d7665
6f6c206d
5b206461
6974706f
5d736e6f
64615b20
73657264
4f0a5d73
6f697470
0a3a736e
6c09652d
6c747469
6e652d65
6e616964
72617020
00006573
10005af4
10005b08
10005b20
10005ae0
100052c0
100052c0
100052c0
100052c0
100052c0
100052c0
100052c0
100052c0
100052c0
100052c0
100052c0
100052c0
10005a3c
10005a2c
100059e0
100059a0
100052c0
10005ae8
100052c0
10005afc
100052c0
100052c0
100052c0
10005b10
10005afc
100059a0
100059ac
100054b4
10005ae8
100059e0
100052c0
100052c0
100052c0
100052c0
100059ec
100059f8
100052c0
10005a2c
100052c0
10005a3c
100052c0
100052c0
100052c0
100052c0
10005a44
100052c0
10005a7c
1000d3f8
1000d400
00000000
10005fb4
00000001
61656c50
70206573
73736572
65687420
61543c20
62203e62
6f747475
6f74206e
65657320
6c6c6120
61766120
62616c69
6320656c
616d6d6f
2e73646e
0000000a
20756f59
206e6163
6f736c61
65737520
65687420
61543c20
62203e62
6f747475
6f74206e
6f727020
2074706d
6120726f
2d6f7475
706d6f63
6574656c
6c6c6120
6d6f6320
646e616d
726f2073
73746920
62757320
6d6d6f63
73646e61
00000a2e
20756f59
206e6163
20797274
63206f74
206c6c61
6d6d6f63
73646e61
74697720
2d3c2068
6f203e68
2d3c2072
6c65682d
70203e70
6d617261
72657465
726f6620
726f6d20
6e692065
6d726f66
6f697461
000a2e6e
6568530a
73206c6c
6f707075
20737472
6c6c6f66
6e69776f
656d2067
6b2d6174
3a737965
4320200a
206c7274
6128202b
79656b20
6f726620
61203a6d
65646362
6e6c6b66
29777570
4120200a
2020746c
6128202b
79656b20
6f726620
62203a6d
500a2966
7361656c
65722065
20726566
73206f74
6c6c6568
636f6420
6e656d75
69746174
66206e6f
6d20726f
2065726f
61746564
2e736c69
0000000a
6176410a
62616c69
6320656c
616d6d6f
3a73646e
0000000a
20746f6e
6d726574
74616e69
203a6465
000a6325
61656c50
73206573
69636570
61207966
62757320
6d6d6f63
2e646e61
0000000a
6f727245
72203a72
65757165
64657473
6c756d20
6c706974
75662065
6974636e
65206e6f
75636578
6e6f6974
00000a73
6f63203a
6e616d6d
6f6e2064
6f662074
00646e75
73257325
0000000a
206f6f54
796e616d
67726120
6e656d75
69207374
6874206e
6f632065
6e616d6d
000a2e64
203a7325
6e6f7277
61702067
656d6172
20726574
6e756f63
00000a74
63627553
616d6d6f
3a73646e
0000000a
00002020
2573250a
00000073
6c656853
6874206c
64616572
72726520
203a726f
00006425
4e524157
3a474e49
70204120
746e6972
71657220
74736575
73617720
74656420
65746365
6e6f2064
746f6e20
74636120
20657669
6c656873
6162206c
6e656b63
000a2e64
00007325
706c6568
00000000
6e697250
74207374
68206568
20706c65
7373656d
2e656761
00000000
64255b1b
00006325
1000e768
1000dc40
00000000
10014320
1000ea94
0000001e
10006fa0
1000c298
10014380
10007840
10007760
10007698
100076ac
10007730
00000000
74726175
20247e3a
00000000
6c656873
61755f6c
00007472
73257325
00000000
0000682d
65682d2d
0000706c
2d257325
7325732a
0000003a
1000d7ac
1000d7b4
00000000
10007d58
00000001
1000d760
1000d768
00000000
10007dfc
00000001
1000d6b0
1000d6b8
1000dbbc
10007f10
00000101
1000d77c
1000d784
1000dbc4
00000000
00000000
00006e6f
0066666f
6b6e7520
6e776f6e
72617020
74656d61
203a7265
00000000
253a7325
0a732573
00000000
6f686345
61747320
3a737574
0a732520
00000000
6433255b
7325205d
0000000a
72206f4e
6f707365
2065736e
6d6f7266
65687420
72657420
616e696d
61202c6c
6d757373
38206465
34327830
72637320
206e6565
657a6973
0000000a
1000d90c
1000d918
00000000
100081c8
00000001
1000d950
1000d958
00000000
10008240
00000001
00000000
00000000
00000000
00000000
00000000
1000d4ec
1000d9e4
00000000
100081f0
00000001
1000d4e8
1000d9fc
00000000
10008268
00000001
00000000
00000000
00000000
00000000
00000000
1000d4ec
1000d990
00000000
10008218
00000001
1000d4e8
1000d9d0
00000000
100081a0
00000001
00000000
00000000
00000000
00000000
00000000
1000d7c4
1000d7cc
00000000
10007db0
00000001
00000000
00000000
00000000
00000000
00000000
1000d810
1000d820
1000dba4
00000000
00000000
1000d8d0
1000d8d8
1000dbac
00000000
00000000
1000d8f0
1000d8f8
1000dbb4
10007e8c
00000101
1000cc24
00000000
00000000
00000000
00000000
00000000
00000000
00000000
00000000
00000000
69736572
0000657a
736e6f43
20656c6f
73746567
72657420
616e696d
6373206c
6e656572
7a697320
726f2065
73736120
73656d75
66656420
746c7561
206e6920
65736163
65687420
61657220
74756f64
69616620
202e736c
6d207449
20747375
65206562
75636578
20646574
65746661
61652072
74206863
696d7265
206c616e
74646977
68632068
65676e61
206f7420
75736e65
63206572
6572726f
74207463
20747865
70736964
2e79616c
00000000
74736968
0079726f
6d6d6f43
20646e61
74736968
2e79726f
00000000
6c656873
0000006c
66657355
202c6c75
20746f6e
78696e55
6b696c2d
68732065
206c6c65
6d6d6f63
73646e61
0000002e
61656c63
00000072
61656c43
63732072
6e656572
0000002e
61666564
00746c75
75737341
3820656d
68632030
20737261
65726373
77206e65
68746469
646e6120
6e657320
68742064
73207369
69747465
7420676e
6874206f
65742065
6e696d72
002e6c61
6b636162
63617073
6f6d5f65
00006564
67676f54
6220656c
736b6361
65636170
79656b20
646f6d20
530a2e65
20656d6f
6d726574
6c616e69
72612073
6f6e2065
65732074
6e69646e
65732067
61726170
65206574
70616373
6f632065
66206564
6220726f
736b6361
65636170
646e6120
6c656420
20657465
74747562
202e6e6f
73696854
6d6f6320
646e616d
726f6620
20736563
6c656873
6f74206c
746e6920
72707265
64207465
74656c65
656b2065
73612079
63616220
6170736b
002e6563
6f6c6f63
00007372
67676f54
6320656c
726f6c6f
73206465
61746e79
00002e78
6f686365
00000000
67676f54
7320656c
6c6c6568
68636520
00002e6f
6b636162
63617073
00000065
20746553
66666964
6e657265
73652074
65706163
646f6320
6f662065
61622072
70736b63
20656361
20646e61
656c6564
6b206574
002e7965
656c6564
00006574
20746553
20656874
656d6173
63736520
20657061
65646f63
726f6620
63616220
6170736b
61206563
6420646e
74656c65
656b2065
00002e79
61736944
20656c62
6c656873
6365206c
202e6f68
74696445
20676e69
7379656b
646e6120
74656d20
656b2d61
61207379
6e206572
6820746f
6c646e61
00006465
62616e45
7320656c
6c6c6568
68636520
00002e6f
61736944
20656c62
6f6c6f63
20646572
746e7973
002e7861
62616e45
6320656c
726f6c6f
73206465
61746e79
00002e78
6d6d6f43
20646e61
66667562
69207265
6f742073
6873206f
2074726f
65206f74
6e617078
6c612064
6f63206c
6e616d6d
6d207364
68637461
20676e69
646c6977
64726163
74617020
6e726574
7325203a
0000000a
54524155
0000305f
10009314
1000934c
1000937c
10009194
100092d8
5f737973
636f6c63
0000006b
1000c040
1000c050
1000c058
1000c068
1000c068
656c6469
32302520
00000064
6e69616d
00000000
6e6b6e75
006e776f
646e6570
00676e69
73657270
74726174
00000000
64616564
00000000
70737573
65646e65
00000064
726f6261
676e6974
00000000
75657571
00006465
6d6d7564
00000079
372e3276
0000362e
202a2a2a
746f6f42
20676e69
6870655a
4f207279
75622053
20646c69
25207325
2a2a2073
00000a2a
77737973
716b726f
00000000
00000000
1000cb24
00000000
1000cdc4
00000000
1000cf78
004a5b1b
00485b1b
4a325b1b
00000000
004a5b1b
0000371b
0000381b
006d5b1b
00202d20
00002020
0000371b
0000381b
00485b1b
4a325b1b
00000000
333f5b1b
0000006c
6e365b1b
00000000
00000000
1000d570
00000000
1000d5ac
00000000
1000d5e8
00000000
1000d624
00000000
1000d64c
03020100
80000000
00989680
fffffff5
ffffffff
ffffffff
ffffffff
ffffffff
ffffffff
ffffffff
ffffffff
ffffffff
ffffffff
ffffffff
ffffffff
ffffffff
ffffffff
ffffffff
ffffffff
ffffffff
ffffffff
ffffffff
ffffffff
ffffffff
ffffffff
ffffffff
ffffffff
ffffffff
ffffffff
ffffffff
ffffffff
ffffffff
ffffffff
ffffffff
ffffffff
ffffffff
ffffffff
ffffffff
ffffffff
ffffffff
ffffffff
ffffffff
ffffffff
ffffffff
ffffffff
ffffffff
ffffffff
ffffffff
ffffffff
ffffffff
ffffffff
ffffffff
ffffffff
ffffffff
ffffffff
ffffffff
ffffffff
ffffffff
ffffffff
ffffffff
ffffffff
ffffffff
ffffffff
ffffffff
ffffffff
ffffffff
ffffffff
ffffffff
ffffffff
ffffffff
ffffffff
ffffffff
ffffffff
ffffffff
ffffffff
ffffffff
ffffffff
ffffffff
ffffffff
ffffffff
ffffffff
ffffffff
ffffffff
ffffffff
ffffffff
ffffffff
ffffffff
ffffffff
ffffffff
ffffffff
ffffffff
ffffffff
ffffffff
ffffffff
ffffffff
ffffffff
ffffffff
ffffffff
ffffffff
ffffffff
ffffffff
ffffffff
ffffffff
ffffffff
ffffffff
ffffffff
ffffffff
ffffffff
ffffffff
ffffffff
ffffffff
ffffffff
ffffffff
ffffffff
ffffffff
ffffffff
ffffffff
ffffffff
ffffffff
ffffffff
ffffffff
ffffffff
ffffffff
ffffffff
ffffffff
ffffffff
ffffffff
ffffffff
ffffffff
ffffffff
ffffffff
ffffffff
ffffffff
ffffffff
ffffffff
ffffffff
ffffffff
ffffffff
ffffffff
ffffffff
ffffffff
ffffffff
ffffffff
ffffffff
ffffffff
ffffffff
ffffffff
ffffffff
ffffffff
ffffffff
ffffffff
ffffffff
ffffffff
ffffffff
ffffffff
ffffffff
ffffffff
ffffffff
ffffffff
ffffffff
ffffffff
ffffffff
ffffffff
ffffffff
ffffffff
ffffffff
ffffffff
ffffffff
ffffffff
ffffffff
ffffffff
ffffffff
ffffffff
ffffffff
ffffffff
ffffffff
ffffffff
ffffffff
ffffffff
ffffffff
ffffffff
ffffffff
ffffffff
ffffffff
ffffffff
ffffffff
ffffffff
ffffffff
ffffffff
ffffffff
ffffffff
ffffffff
ffffffff
ffffffff
ffffffff
ffffffff
ffffffff
ffffffff
ffffffff
ffffffff
ffffffff
ffffffff
ffffffff
ffffffff
ffffffff
ffffffff
ffffffff
ffffffff
ffffffff
ffffffff
ffffffff
ffffffff
ffffffff
ffffffff
ffffffff
ffffffff
ffffffff
ffffffff
ffffffff
ffffffff
ffffffff
ffffffff
ffffffff
ffffffff
ffffffff
ffffffff
ffffffff
ffffffff
ffffffff
ffffffff
ffffffff
ffffffff
ffffffff
ffffffff
ffffffff
ffffffff
ffffffff
ffffffff
ffffffff
ffffffff
ffffffff
ffffffff
ffffffff
ffffffff
ffffffff
ffffffff
ffffffff
ffffffff
ffffffff
ffffffff
ffffffff
ffffffff
ffffffff
ffffffff
ffffffff
ffffffff
ffffffff
ffffffff
ffffffff
ffffffff
ffffffff
ffffffff
ffffffff
ffffffff
ffffffff
ffffffff
ffffffff
ffffffff
ffffffff
ffffffff
ffffffff
ffffffff
ffffffff
ffffffff
ffffffff
ffffffff
ffffffff
ffffffff
ffffffff
ffffffff
ffffffff
ffffffff
ffffffff
ffffffff
ffffffff
ffffffff
ffffffff
ffffffff
ffffffff
ffffffff
ffffffff
ffffffff
ffffffff
ffffffff
ffffffff
ffffffff
ffffffff
ffffffff
ffffffff
ffffffff
ffffffff
ffffffff
ffffffff
ffffffff
ffffffff
ffffffff
ffffffff
ffffffff
ffffffff
ffffffff
ffffffff
ffffffff
ffffffff
ffffffff
ffffffff
ffffffff
ffffffff
ffffffff
ffffffff
ffffffff
ffffffff
ffffffff
ffffffff
ffffffff
ffffffff
ffffffff
ffffffff
ffffffff
ffffffff
ffffffff
ffffffff
ffffffff
ffffffff
ffffffff
ffffffff
ffffffff
ffffffff
ffffffff
ffffffff
ffffffff
ffffffff
ffffffff
ffffffff
ffffffff
ffffffff
ffffffff
ffffffff
ffffffff
ffffffff
ffffffff
ffffffff
ffffffff
ffffffff
ffffffff
ffffffff
ffffffff
ffffffff
ffffffff
ffffffff
ffffffff
ffffffff
ffffffff
ffffffff
ffffffff
ffffffff
ffffffff
ffffffff
ffffffff
ffffffff
ffffffff
ffffffff
ffffffff
ffffffff
ffffffff
ffffffff
ffffffff
ffffffff
ffffffff
ffffffff
ffffffff
ffffffff
ffffffff
ffffffff
ffffffff
ffffffff
ffffffff
ffffffff
ffffffff
ffffffff
ffffffff
ffffffff
ffffffff
ffffffff
ffffffff
ffffffff
ffffffff
ffffffff
ffffffff
ffffffff
ffffffff
ffffffff
ffffffff
ffffffff
ffffffff
ffffffff
ffffffff
ffffffff
ffffffff
ffffffff
ffffffff
ffffffff
ffffffff
ffffffff
ffffffff
ffffffff
ffffffff
ffffffff
ffffffff
ffffffff
ffffffff
ffffffff
ffffffff
ffffffff
ffffffff
ffffffff
ffffffff
ffffffff
ffffffff
ffffffff
ffffffff
ffffffff
ffffffff
ffffffff
ffffffff
ffffffff
ffffffff
ffffffff
ffffffff
ffffffff
ffffffff
ffffffff
ffffffff
ffffffff
ffffffff
ffffffff
ffffffff
ffffffff
ffffffff
ffffffff
ffffffff
ffffffff
ffffffff
ffffffff
ffffffff
ffffffff
ffffffff
ffffffff
ffffffff
ffffffff
ffffffff
ffffffff
ffffffff
ffffffff
ffffffff
ffffffff
ffffffff
ffffffff
ffffffff
ffffffff
ffffffff
ffffffff
ffffffff
ffffffff
ffffffff
ffffffff
ffffffff
ffffffff
ffffffff
ffffffff
ffffffff
ffffffff
ffffffff
ffffffff
ffffffff
ffffffff
ffffffff
ffffffff
ffffffff
ffffffff
ffffffff
ffffffff
ffffffff
ffffffff
ffffffff
ffffffff
ffffffff
ffffffff
ffffffff
ffffffff
ffffffff
ffffffff
ffffffff
ffffffff
ffffffff
ffffffff
ffffffff
ffffffff
ffffffff
ffffffff
ffffffff
ffffffff
ffffffff
ffffffff
ffffffff
ffffffff
ffffffff
ffffffff
ffffffff
ffffffff
ffffffff
ffffffff
ffffffff
ffffffff
ffffffff
ffffffff
ffffffff
ffffffff
ffffffff
ffffffff
ffffffff
ffffffff
ffffffff
ffffffff
ffffffff
ffffffff
ffffffff
ffffffff
ffffffff
ffffffff
ffffffff
ffffffff
ffffffff
ffffffff
ffffffff
ffffffff
ffffffff
ffffffff
ffffffff
ffffffff
ffffffff
ffffffff
ffffffff
ffffffff
ffffffff
ffffffff
ffffffff
ffffffff
ffffffff
ffffffff
ffffffff
ffffffff
ffffffff
ffffffff
ffffffff
ffffffff
ffffffff
ffffffff
ffffffff
ffffffff
ffffffff
ffffffff
ffffffff
ffffffff
ffffffff
ffffffff
ffffffff
ffffffff
ffffffff
ffffffff
ffffffff
ffffffff
ffffffff
ffffffff
ffffffff
ffffffff
ffffffff
ffffffff
ffffffff
ffffffff
ffffffff
ffffffff
ffffffff
ffffffff
ffffffff
ffffffff
ffffffff
ffffffff
ffffffff
ffffffff
ffffffff
ffffffff
ffffffff
ffffffff
ffffffff
ffffffff
ffffffff
ffffffff
ffffffff
ffffffff
ffffffff
ffffffff
ffffffff
ffffffff
ffffffff
ffffffff
ffffffff
ffffffff
ffffffff
ffffffff
ffffffff
ffffffff
ffffffff
ffffffff
ffffffff
ffffffff
ffffffff
ffffffff
ffffffff
ffffffff
ffffffff
ffffffff
ffffffff
ffffffff
ffffffff
ffffffff
ffffffff
ffffffff
ffffffff
ffffffff
ffffffff
ffffffff
ffffffff
ffffffff
ffffffff
ffffffff
ffffffff
ffffffff
ffffffff
ffffffff
ffffffff
ffffffff
ffffffff
ffffffff
ffffffff
ffffffff
ffffffff
ffffffff
ffffffff
ffffffff
ffffffff
ffffffff
ffffffff
ffffffff
ffffffff
ffffffff
ffffffff
ffffffff
ffffffff
ffffffff
ffffffff
ffffffff
ffffffff
ffffffff
ffffffff
ffffffff
ffffffff
ffffffff
ffffffff
ffffffff
ffffffff
ffffffff
ffffffff
ffffffff
ffffffff
ffffffff
ffffffff
ffffffff
ffffffff
ffffffff
ffffffff
ffffffff
ffffffff
ffffffff
ffffffff
ffffffff
ffffffff
ffffffff
ffffffff
ffffffff
ffffffff
ffffffff
ffffffff
ffffffff
ffffffff
ffffffff
ffffffff
ffffffff
ffffffff
ffffffff
ffffffff
ffffffff
ffffffff
ffffffff
ffffffff
ffffffff
ffffffff
ffffffff
ffffffff
ffffffff
ffffffff
ffffffff
ffffffff
ffffffff
ffffffff
ffffffff
ffffffff
ffffffff
ffffffff
ffffffff
ffffffff
ffffffff
ffffffff
ffffffff
ffffffff
ffffffff
ffffffff
ffffffff
ffffffff
ffffffff
ffffffff
ffffffff
ffffffff
ffffffff
ffffffff
ffffffff
ffffffff
ffffffff
ffffffff
ffffffff
ffffffff
ffffffff
ffffffff
ffffffff
ffffffff
ffffffff
ffffffff
ffffffff
ffffffff
ffffffff
ffffffff
ffffffff
ffffffff
ffffffff
ffffffff
ffffffff
ffffffff
ffffffff
ffffffff
ffffffff
ffffffff
ffffffff
ffffffff
ffffffff
ffffffff
ffffffff
ffffffff
ffffffff
ffffffff
ffffffff
ffffffff
ffffffff
ffffffff
ffffffff
ffffffff
ffffffff
ffffffff
ffffffff
ffffffff
ffffffff
ffffffff
ffffffff
ffffffff
ffffffff
ffffffff
ffffffff
ffffffff
ffffffff
ffffffff
ffffffff
ffffffff
ffffffff
ffffffff
ffffffff
ffffffff
ffffffff
ffffffff
ffffffff
ffffffff
ffffffff
ffffffff
ffffffff
ffffffff
ffffffff
ffffffff
ffffffff
ffffffff
ffffffff
ffffffff
ffffffff
ffffffff
ffffffff
ffffffff
ffffffff
ffffffff
ffffffff
ffffffff
ffffffff
ffffffff
ffffffff
ffffffff
ffffffff
ffffffff
ffffffff
ffffffff
ffffffff
ffffffff
ffffffff
ffffffff
ffffffff
ffffffff
ffffffff
ffffffff
ffffffff
ffffffff
ffffffff
ffffffff
ffffffff
ffffffff
ffffffff
ffffffff
ffffffff
ffffffff
ffffffff
ffffffff
ffffffff
ffffffff
ffffffff
ffffffff
ffffffff
ffffffff
ffffffff
ffffffff
ffffffff
ffffffff
ffffffff
ffffffff
ffffffff
ffffffff
ffffffff
ffffffff
ffffffff
ffffffff
ffffffff
ffffffff
ffffffff
ffffffff
ffffffff
ffffffff
ffffffff
ffffffff
ffffffff
ffffffff
ffffffff
ffffffff
ffffffff
ffffffff
ffffffff
ffffffff
ffffffff
ffffffff
ffffffff
ffffffff
ffffffff
ffffffff
ffffffff
ffffffff
ffffffff
ffffffff
ffffffff
ffffffff
ffffffff
ffffffff
ffffffff
ffffffff
ffffffff
ffffffff
ffffffff
ffffffff
ffffffff
ffffffff
ffffffff
ffffffff
ffffffff
ffffffff
ffffffff
ffffffff
ffffffff
ffffffff
ffffffff
ffffffff
ffffffff
ffffffff
ffffffff
ffffffff
ffffffff
ffffffff
ffffffff
ffffffff
ffffffff
ffffffff
ffffffff
ffffffff
ffffffff
ffffffff
ffffffff
ffffffff
ffffffff
ffffffff
ffffffff
ffffffff
ffffffff
ffffffff
ffffffff
ffffffff
ffffffff
ffffffff
ffffffff
ffffffff
ffffffff
ffffffff
ffffffff
ffffffff
ffffffff
ffffffff
ffffffff
ffffffff
ffffffff
ffffffff
ffffffff
ffffffff
ffffffff
ffffffff
ffffffff
ffffffff
ffffffff
ffffffff
ffffffff
ffffffff
ffffffff
ffffffff
ffffffff
ffffffff
ffffffff
ffffffff
ffffffff
ffffffff
ffffffff
ffffffff
ffffffff
ffffffff
ffffffff
ffffffff
ffffffff
ffffffff
ffffffff
ffffffff
ffffffff
ffffffff
ffffffff
ffffffff
ffffffff
ffffffff
ffffffff
ffffffff
ffffffff
ffffffff
ffffffff
ffffffff
ffffffff
ffffffff
ffffffff
ffffffff
ffffffff
ffffffff
ffffffff
ffffffff
ffffffff
ffffffff
ffffffff
ffffffff
ffffffff
ffffffff
ffffffff
ffffffff
ffffffff
ffffffff
ffffffff
ffffffff
ffffffff
ffffffff
ffffffff
ffffffff
ffffffff
ffffffff
ffffffff
ffffffff
ffffffff
ffffffff
ffffffff
ffffffff
ffffffff
ffffffff
ffffffff
ffffffff
ffffffff
ffffffff
ffffffff
ffffffff
ffffffff
ffffffff
ffffffff
ffffffff
ffffffff
ffffffff
ffffffff
ffffffff
ffffffff
ffffffff
ffffffff
ffffffff
ffffffff
ffffffff
ffffffff
ffffffff
ffffffff
ffffffff
ffffffff
ffffffff
ffffffff
ffffffff
ffffffff
ffffffff
ffffffff
ffffffff
ffffffff
ffffffff
ffffffff
ffffffff
ffffffff
ffffffff
ffffffff
ffffffff
ffffffff
ffffffff
ffffffff
ffffffff
ffffffff
ffffffff
ffffffff
ffffffff
ffffffff
ffffffff
ffffffff
ffffffff
ffffffff
ffffffff
ffffffff
ffffffff
ffffffff
ffffffff
ffffffff
ffffffff
ffffffff
ffffffff
ffffffff
ffffffff
ffffffff
ffffffff
ffffffff
ffffffff
ffffffff
ffffffff
ffffffff
ffffffff
ffffffff
ffffffff
ffffffff
ffffffff
ffffffff
ffffffff
ffffffff
ffffffff
ffffffff
ffffffff
ffffffff
ffffffff
ffffffff
ffffffff
ffffffff
ffffffff
ffffffff
ffffffff
ffffffff
ffffffff
ffffffff
ffffffff
ffffffff
ffffffff
ffffffff
ffffffff
ffffffff
ffffffff
ffffffff
ffffffff
ffffffff
ffffffff
ffffffff
ffffffff
ffffffff
ffffffff
ffffffff
ffffffff
ffffffff
ffffffff
ffffffff
ffffffff
ffffffff
ffffffff
ffffffff
ffffffff
ffffffff
ffffffff
ffffffff
ffffffff
ffffffff
ffffffff
ffffffff
ffffffff
ffffffff
ffffffff
ffffffff
ffffffff
ffffffff
ffffffff
ffffffff
ffffffff
ffffffff
ffffffff
ffffffff
ffffffff
ffffffff
ffffffff
ffffffff
ffffffff
ffffffff
ffffffff
ffffffff
ffffffff
ffffffff
ffffffff
ffffffff
ffffffff
ffffffff
ffffffff
ffffffff
ffffffff
ffffffff
ffffffff
ffffffff
ffffffff
ffffffff
ffffffff
ffffffff
ffffffff
ffffffff
ffffffff
ffffffff
ffffffff
ffffffff
ffffffff
ffffffff
ffffffff
ffffffff
ffffffff
ffffffff
ffffffff
ffffffff
ffffffff
ffffffff
ffffffff
ffffffff
ffffffff
ffffffff
ffffffff
ffffffff
ffffffff
ffffffff
ffffffff
ffffffff
ffffffff
ffffffff
ffffffff
ffffffff
ffffffff
ffffffff
ffffffff
ffffffff
ffffffff
ffffffff
ffffffff
ffffffff
ffffffff
ffffffff
ffffffff
ffffffff
ffffffff
ffffffff
ffffffff
ffffffff
ffffffff
ffffffff
ffffffff
ffffffff
ffffffff
ffffffff
ffffffff
ffffffff
ffffffff
ffffffff
ffffffff
ffffffff
ffffffff
ffffffff
ffffffff
ffffffff
ffffffff
ffffffff
ffffffff
ffffffff
ffffffff
ffffffff
ffffffff
ffffffff
ffffffff
ffffffff
ffffffff
ffffffff
ffffffff
ffffffff
ffffffff
ffffffff
ffffffff
ffffffff
ffffffff
ffffffff
ffffffff
ffffffff
ffffffff
ffffffff
ffffffff
ffffffff
ffffffff
ffffffff
ffffffff
ffffffff
ffffffff
ffffffff
ffffffff
ffffffff
ffffffff
ffffffff
ffffffff
ffffffff
ffffffff
ffffffff
ffffffff
ffffffff
ffffffff
ffffffff
ffffffff
ffffffff
ffffffff
ffffffff
ffffffff
ffffffff
ffffffff
ffffffff
ffffffff
ffffffff
ffffffff
ffffffff
ffffffff
ffffffff
ffffffff
ffffffff
ffffffff
ffffffff
ffffffff
ffffffff
ffffffff
ffffffff
ffffffff
ffffffff
ffffffff
ffffffff
ffffffff
ffffffff
ffffffff
ffffffff
ffffffff
ffffffff
ffffffff
ffffffff
ffffffff
ffffffff
ffffffff
ffffffff
ffffffff
ffffffff
ffffffff
ffffffff
ffffffff
ffffffff
ffffffff
ffffffff
ffffffff
ffffffff
ffffffff
ffffffff
ffffffff
ffffffff
ffffffff
ffffffff
ffffffff
ffffffff
ffffffff
ffffffff
ffffffff
ffffffff
ffffffff
ffffffff
ffffffff
ffffffff
ffffffff
ffffffff
ffffffff
ffffffff
ffffffff
ffffffff
ffffffff
ffffffff
ffffffff
ffffffff
ffffffff
ffffffff
ffffffff
ffffffff
ffffffff
ffffffff
ffffffff
ffffffff
ffffffff
ffffffff
ffffffff
ffffffff
ffffffff
ffffffff
ffffffff
ffffffff
ffffffff
ffffffff
ffffffff
ffffffff
ffffffff
ffffffff
ffffffff
ffffffff
ffffffff
ffffffff
ffffffff
ffffffff
ffffffff
ffffffff
ffffffff
ffffffff
ffffffff
ffffffff
ffffffff
ffffffff
ffffffff
ffffffff
ffffffff
ffffffff
ffffffff
ffffffff
ffffffff
ffffffff
ffffffff
ffffffff
ffffffff
ffffffff
ffffffff
ffffffff
ffffffff
ffffffff
ffffffff
ffffffff
ffffffff
ffffffff
ffffffff
ffffffff
ffffffff
ffffffff
ffffffff
ffffffff
ffffffff
ffffffff
ffffffff
ffffffff
ffffffff
ffffffff
ffffffff
ffffffff
ffffffff
ffffffff
ffffffff
ffffffff
ffffffff
ffffffff
ffffffff
ffffffff
ffffffff
ffffffff
ffffffff
ffffffff
ffffffff
ffffffff
ffffffff
ffffffff
ffffffff
ffffffff
ffffffff
ffffffff
ffffffff
ffffffff
ffffffff
ffffffff
ffffffff
ffffffff
ffffffff
ffffffff
ffffffff
ffffffff
ffffffff
ffffffff
ffffffff
ffffffff
ffffffff
ffffffff
ffffffff
ffffffff
ffffffff
ffffffff
ffffffff
ffffffff
ffffffff
ffffffff
ffffffff
ffffffff
ffffffff
ffffffff
ffffffff
ffffffff
ffffffff
ffffffff
ffffffff
ffffffff
ffffffff
ffffffff
ffffffff
ffffffff
ffffffff
ffffffff
ffffffff
ffffffff
ffffffff
ffffffff
ffffffff
ffffffff
ffffffff
ffffffff
ffffffff
ffffffff
ffffffff
ffffffff
ffffffff
ffffffff
ffffffff
ffffffff
ffffffff
ffffffff
ffffffff
ffffffff
ffffffff
ffffffff
ffffffff
ffffffff
ffffffff
ffffffff
ffffffff
ffffffff
ffffffff
ffffffff
ffffffff
ffffffff
ffffffff
ffffffff
ffffffff
ffffffff
ffffffff
ffffffff
ffffffff
ffffffff
ffffffff
ffffffff
ffffffff
ffffffff
ffffffff
ffffffff
ffffffff
ffffffff
ffffffff
ffffffff
ffffffff
ffffffff
ffffffff
ffffffff
ffffffff
ffffffff
ffffffff
ffffffff
ffffffff
ffffffff
ffffffff
ffffffff
ffffffff
ffffffff
ffffffff
ffffffff
ffffffff
ffffffff
ffffffff
ffffffff
ffffffff
ffffffff
ffffffff
ffffffff
ffffffff
ffffffff
ffffffff
ffffffff
ffffffff
ffffffff
ffffffff
ffffffff
ffffffff
ffffffff
ffffffff
ffffffff
ffffffff
ffffffff
ffffffff
ffffffff
ffffffff
ffffffff
ffffffff
ffffffff
ffffffff
ffffffff
ffffffff
ffffffff
ffffffff
ffffffff
ffffffff
ffffffff
ffffffff
ffffffff
ffffffff
ffffffff
ffffffff
ffffffff
ffffffff
ffffffff
ffffffff
ffffffff
ffffffff
ffffffff
ffffffff
ffffffff
ffffffff
ffffffff
ffffffff
ffffffff
ffffffff
ffffffff
ffffffff
ffffffff
ffffffff
ffffffff
ffffffff
ffffffff
ffffffff
ffffffff
ffffffff
ffffffff
ffffffff
ffffffff
ffffffff
ffffffff
ffffffff
ffffffff
ffffffff
ffffffff
ffffffff
ffffffff
ffffffff
ffffffff
ffffffff
ffffffff
ffffffff
ffffffff
ffffffff
ffffffff
ffffffff
ffffffff
ffffffff
ffffffff
ffffffff
ffffffff
ffffffff
ffffffff
ffffffff
ffffffff
ffffffff
ffffffff
ffffffff
ffffffff
ffffffff
ffffffff
ffffffff
ffffffff
ffffffff
ffffffff
ffffffff
ffffffff
ffffffff
ffffffff
ffffffff
ffffffff
ffffffff
ffffffff
ffffffff
ffffffff
ffffffff
ffffffff
ffffffff
ffffffff
ffffffff
ffffffff
ffffffff
ffffffff
ffffffff
ffffffff
ffffffff
ffffffff
ffffffff
ffffffff
ffffffff
ffffffff
ffffffff
ffffffff
ffffffff
ffffffff
ffffffff
ffffffff
ffffffff
ffffffff
ffffffff
ffffffff
ffffffff
ffffffff
ffffffff
ffffffff
ffffffff
ffffffff
ffffffff
ffffffff
ffffffff
ffffffff
ffffffff
ffffffff
ffffffff
ffffffff
ffffffff
ffffffff
ffffffff
ffffffff
ffffffff
ffffffff
ffffffff
ffffffff
ffffffff
ffffffff
ffffffff
ffffffff
ffffffff
ffffffff
ffffffff
ffffffff
ffffffff
ffffffff
ffffffff
ffffffff
ffffffff
ffffffff
ffffffff
ffffffff
ffffffff
ffffffff
ffffffff
ffffffff
ffffffff
ffffffff
ffffffff
ffffffff
ffffffff
ffffffff
ffffffff
ffffffff
ffffffff
ffffffff
ffffffff
ffffffff
ffffffff
ffffffff
ffffffff
ffffffff
ffffffff
ffffffff
ffffffff
ffffffff
ffffffff
ffffffff
ffffffff
ffffffff
ffffffff
ffffffff
ffffffff
ffffffff
ffffffff
ffffffff
ffffffff
ffffffff
ffffffff
ffffffff
ffffffff
ffffffff
ffffffff
ffffffff
ffffffff
ffffffff
ffffffff
ffffffff
ffffffff
ffffffff
ffffffff
ffffffff
ffffffff
ffffffff
ffffffff
ffffffff
ffffffff
ffffffff
ffffffff
ffffffff
ffffffff
ffffffff
ffffffff
ffffffff
ffffffff
ffffffff
ffffffff
ffffffff
ffffffff
ffffffff
ffffffff
ffffffff
ffffffff
ffffffff
ffffffff
ffffffff
ffffffff
ffffffff
ffffffff
ffffffff
ffffffff
ffffffff
ffffffff
ffffffff
ffffffff
ffffffff
ffffffff
ffffffff
ffffffff
ffffffff
ffffffff
ffffffff
ffffffff
ffffffff
ffffffff
ffffffff
ffffffff
ffffffff
ffffffff
ffffffff
ffffffff
ffffffff
ffffffff
ffffffff
ffffffff
ffffffff
ffffffff
ffffffff
ffffffff
ffffffff
ffffffff
ffffffff
ffffffff
ffffffff
ffffffff
ffffffff
ffffffff
ffffffff
ffffffff
ffffffff
ffffffff
ffffffff
ffffffff
ffffffff
ffffffff
ffffffff
ffffffff
ffffffff
ffffffff
ffffffff
ffffffff
ffffffff
ffffffff
ffffffff
ffffffff
ffffffff
ffffffff
ffffffff
ffffffff
ffffffff
ffffffff
ffffffff
ffffffff
ffffffff
ffffffff
ffffffff
ffffffff
ffffffff
ffffffff
ffffffff
ffffffff
ffffffff
ffffffff
ffffffff
ffffffff
ffffffff
ffffffff
ffffffff
ffffffff
ffffffff
ffffffff
ffffffff
ffffffff
ffffffff
ffffffff
ffffffff
ffffffff
ffffffff
ffffffff
ffffffff
ffffffff
ffffffff
ffffffff
ffffffff
ffffffff
ffffffff
ffffffff
ffffffff
ffffffff
ffffffff
ffffffff
ffffffff
ffffffff
ffffffff
ffffffff
ffffffff
ffffffff
ffffffff
ffffffff
ffffffff
ffffffff
ffffffff
ffffffff
ffffffff
ffffffff
ffffffff
ffffffff
ffffffff
ffffffff
ffffffff
ffffffff
ffffffff
ffffffff
ffffffff
ffffffff
ffffffff
ffffffff
ffffffff
ffffffff
ffffffff
ffffffff
ffffffff
ffffffff
ffffffff
ffffffff
ffffffff
ffffffff
ffffffff
ffffffff
ffffffff
ffffffff
ffffffff
ffffffff
ffffffff
ffffffff
ffffffff
ffffffff
ffffffff
ffffffff
ffffffff
ffffffff
ffffffff
ffffffff
ffffffff
ffffffff
ffffffff
ffffffff
ffffffff
ffffffff
ffffffff
ffffffff
ffffffff
ffffffff
ffffffff
ffffffff
ffffffff
ffffffff
ffffffff
ffffffff
ffffffff
ffffffff
ffffffff
ffffffff
ffffffff
ffffffff
ffffffff
ffffffff
ffffffff
ffffffff
ffffffff
ffffffff
ffffffff
ffffffff
ffffffff
ffffffff
ffffffff
ffffffff
ffffffff
ffffffff
ffffffff
ffffffff
ffffffff
ffffffff
ffffffff
ffffffff
ffffffff
ffffffff
ffffffff
ffffffff
ffffffff
ffffffff
ffffffff
ffffffff
ffffffff
ffffffff
ffffffff
ffffffff
ffffffff
ffffffff
ffffffff
ffffffff
ffffffff
ffffffff
ffffffff
ffffffff
ffffffff
ffffffff
ffffffff
ffffffff
ffffffff
ffffffff
ffffffff
ffffffff
ffffffff
ffffffff
ffffffff
ffffffff
ffffffff
ffffffff
ffffffff
ffffffff
ffffffff
ffffffff
ffffffff
ffffffff
ffffffff
ffffffff
ffffffff
ffffffff
ffffffff
ffffffff
ffffffff
ffffffff
ffffffff
ffffffff
ffffffff
ffffffff
ffffffff
ffffffff
ffffffff
ffffffff
ffffffff
ffffffff
ffffffff
ffffffff
ffffffff
ffffffff
ffffffff
ffffffff
ffffffff
ffffffff
ffffffff
ffffffff
ffffffff
ffffffff
ffffffff
ffffffff
ffffffff
ffffffff
ffffffff
ffffffff
ffffffff
ffffffff
ffffffff
ffffffff
ffffffff
ffffffff
ffffffff
ffffffff
ffffffff
ffffffff
ffffffff
ffffffff
ffffffff
ffffffff
ffffffff
ffffffff
ffffffff
ffffffff
ffffffff
ffffffff
ffffffff
ffffffff
ffffffff
ffffffff
ffffffff
ffffffff
ffffffff
ffffffff
ffffffff
ffffffff
ffffffff
ffffffff
ffffffff
ffffffff
ffffffff
ffffffff
ffffffff
ffffffff
ffffffff
ffffffff
ffffffff
ffffffff
ffffffff
ffffffff
ffffffff
ffffffff
ffffffff
ffffffff
ffffffff
ffffffff
ffffffff
ffffffff
ffffffff
ffffffff
ffffffff
ffffffff
ffffffff
ffffffff
ffffffff
ffffffff
ffffffff
ffffffff
ffffffff
ffffffff
ffffffff
ffffffff
ffffffff
ffffffff
ffffffff
ffffffff
ffffffff
ffffffff
ffffffff
ffffffff
ffffffff
ffffffff
ffffffff
ffffffff
ffffffff
ffffffff
ffffffff
ffffffff
ffffffff
ffffffff
ffffffff
ffffffff
ffffffff
ffffffff
ffffffff
ffffffff
ffffffff
ffffffff
ffffffff
ffffffff
ffffffff
ffffffff
ffffffff
ffffffff
ffffffff
ffffffff
ffffffff
ffffffff
ffffffff
ffffffff
ffffffff
ffffffff
ffffffff
ffffffff
ffffffff
ffffffff
ffffffff
ffffffff
ffffffff
ffffffff
ffffffff
ffffffff
ffffffff
ffffffff
ffffffff
ffffffff
ffffffff
ffffffff
ffffffff
ffffffff
ffffffff
ffffffff
ffffffff
ffffffff
ffffffff
ffffffff
ffffffff
ffffffff
ffffffff
ffffffff
ffffffff
ffffffff
ffffffff
ffffffff
ffffffff
ffffffff
ffffffff
ffffffff
ffffffff
ffffffff
ffffffff
ffffffff
ffffffff
ffffffff
ffffffff
ffffffff
ffffffff
ffffffff
ffffffff
ffffffff
ffffffff
ffffffff
ffffffff
ffffffff
ffffffff
ffffffff
ffffffff
ffffffff
ffffffff
ffffffff
ffffffff
ffffffff
ffffffff
ffffffff
ffffffff
ffffffff
ffffffff
ffffffff
ffffffff
ffffffff
ffffffff
ffffffff
ffffffff
ffffffff
ffffffff
ffffffff
ffffffff
ffffffff
ffffffff
ffffffff
ffffffff
ffffffff
ffffffff
ffffffff
ffffffff
ffffffff
ffffffff
ffffffff
ffffffff
ffffffff
ffffffff
ffffffff
ffffffff
ffffffff
ffffffff
ffffffff
ffffffff
ffffffff
ffffffff
ffffffff
ffffffff
ffffffff
ffffffff
ffffffff
ffffffff
ffffffff
ffffffff
ffffffff
ffffffff
ffffffff
ffffffff
ffffffff
ffffffff
ffffffff
ffffffff
ffffffff
ffffffff
ffffffff
ffffffff
ffffffff
ffffffff
ffffffff
ffffffff
ffffffff
ffffffff
ffffffff
ffffffff
ffffffff
ffffffff
ffffffff
ffffffff
ffffffff
ffffffff
ffffffff
ffffffff
ffffffff
ffffffff
ffffffff
ffffffff
ffffffff
ffffffff
ffffffff
ffffffff
ffffffff
ffffffff
ffffffff
ffffffff
ffffffff
ffffffff
ffffffff
ffffffff
ffffffff
ffffffff
ffffffff
ffffffff
ffffffff
ffffffff
ffffffff
ffffffff
ffffffff
ffffffff
ffffffff
ffffffff
ffffffff
ffffffff
ffffffff
ffffffff
ffffffff
ffffffff
ffffffff
ffffffff
ffffffff
ffffffff
ffffffff
ffffffff
ffffffff
ffffffff
ffffffff
ffffffff
ffffffff
ffffffff
ffffffff
ffffffff
ffffffff
ffffffff
ffffffff
ffffffff
ffffffff
ffffffff
ffffffff
ffffffff
ffffffff
ffffffff
ffffffff
ffffffff
ffffffff
ffffffff
ffffffff
ffffffff
ffffffff
ffffffff
ffffffff
ffffffff
ffffffff
ffffffff
ffffffff
ffffffff
ffffffff
ffffffff
ffffffff
ffffffff
ffffffff
ffffffff
ffffffff
ffffffff
ffffffff
ffffffff
ffffffff
ffffffff
ffffffff
ffffffff
ffffffff
ffffffff
ffffffff
ffffffff
ffffffff
ffffffff
ffffffff
ffffffff
ffffffff
ffffffff
ffffffff
ffffffff
ffffffff
ffffffff
ffffffff
ffffffff
ffffffff
ffffffff
ffffffff
ffffffff
ffffffff
ffffffff
ffffffff
ffffffff
ffffffff
ffffffff
ffffffff
ffffffff
ffffffff
ffffffff
ffffffff
ffffffff
ffffffff
ffffffff
ffffffff
ffffffff
ffffffff
ffffffff
ffffffff
ffffffff
ffffffff
ffffffff
ffffffff
ffffffff
ffffffff
ffffffff
ffffffff
ffffffff
ffffffff
ffffffff
ffffffff
ffffffff
ffffffff
ffffffff
ffffffff
ffffffff
ffffffff
ffffffff
ffffffff
ffffffff
ffffffff
ffffffff
ffffffff
ffffffff
ffffffff
ffffffff
ffffffff
ffffffff
ffffffff
ffffffff
ffffffff
ffffffff
ffffffff
ffffffff
ffffffff
ffffffff
ffffffff
ffffffff
ffffffff
ffffffff
ffffffff
ffffffff
ffffffff
ffffffff
ffffffff
ffffffff
ffffffff
ffffffff
ffffffff
ffffffff
ffffffff
ffffffff
ffffffff
ffffffff
ffffffff
ffffffff
ffffffff
ffffffff
ffffffff
ffffffff
ffffffff
ffffffff
ffffffff
ffffffff
ffffffff
ffffffff
ffffffff
ffffffff
ffffffff
ffffffff
ffffffff
ffffffff
ffffffff
ffffffff
ffffffff
ffffffff
ffffffff
ffffffff
ffffffff
ffffffff
ffffffff
ffffffff
ffffffff
ffffffff
ffffffff
ffffffff
ffffffff
ffffffff
ffffffff
ffffffff
ffffffff
ffffffff
ffffffff
ffffffff
ffffffff
ffffffff
ffffffff
ffffffff
ffffffff
ffffffff
ffffffff
ffffffff
ffffffff
ffffffff
ffffffff
ffffffff
ffffffff
ffffffff
ffffffff
ffffffff
ffffffff
ffffffff
ffffffff
ffffffff
ffffffff
ffffffff
ffffffff
ffffffff
ffffffff
ffffffff
ffffffff
ffffffff
ffffffff
ffffffff
ffffffff
ffffffff
ffffffff
ffffffff
ffffffff
ffffffff
ffffffff
ffffffff
ffffffff
ffffffff
ffffffff
ffffffff
ffffffff
ffffffff
ffffffff
ffffffff
ffffffff
ffffffff
ffffffff
ffffffff
ffffffff
ffffffff
ffffffff
ffffffff
ffffffff
ffffffff
ffffffff
ffffffff
ffffffff
ffffffff
ffffffff
ffffffff
ffffffff
ffffffff
ffffffff
ffffffff
ffffffff
ffffffff
ffffffff
ffffffff
ffffffff
ffffffff
ffffffff
ffffffff
ffffffff
ffffffff
ffffffff
ffffffff
ffffffff
ffffffff
ffffffff
ffffffff
ffffffff
ffffffff
ffffffff
ffffffff
ffffffff
ffffffff
ffffffff
ffffffff
ffffffff
ffffffff
ffffffff
ffffffff
ffffffff
ffffffff
ffffffff
ffffffff
ffffffff
ffffffff
ffffffff
ffffffff
ffffffff
ffffffff
ffffffff
ffffffff
ffffffff
ffffffff
ffffffff
ffffffff
ffffffff
ffffffff
ffffffff
ffffffff
ffffffff
ffffffff
ffffffff
ffffffff
ffffffff
ffffffff
ffffffff
ffffffff
ffffffff
ffffffff
ffffffff
ffffffff
ffffffff
ffffffff
ffffffff
ffffffff
ffffffff
ffffffff
ffffffff
ffffffff
ffffffff
ffffffff
ffffffff
ffffffff
ffffffff
ffffffff
ffffffff
ffffffff
ffffffff
ffffffff
ffffffff
ffffffff
ffffffff
ffffffff
ffffffff
ffffffff
ffffffff
ffffffff
ffffffff
ffffffff
ffffffff
ffffffff
ffffffff
ffffffff
ffffffff
ffffffff
ffffffff
ffffffff
ffffffff
ffffffff
ffffffff
ffffffff
ffffffff
ffffffff
ffffffff
ffffffff
ffffffff
ffffffff
ffffffff
ffffffff
ffffffff
ffffffff
ffffffff
ffffffff
ffffffff
ffffffff
ffffffff
ffffffff
ffffffff
ffffffff
ffffffff
ffffffff
ffffffff
ffffffff
ffffffff
ffffffff
ffffffff
ffffffff
ffffffff
ffffffff
ffffffff
ffffffff
ffffffff
ffffffff
ffffffff
ffffffff
ffffffff
ffffffff
ffffffff
ffffffff
ffffffff
ffffffff
ffffffff
ffffffff
ffffffff
ffffffff
ffffffff
ffffffff
ffffffff
ffffffff
ffffffff
ffffffff
ffffffff
ffffffff
ffffffff
ffffffff
ffffffff
ffffffff
ffffffff
ffffffff
ffffffff
ffffffff
ffffffff
ffffffff
ffffffff
ffffffff
ffffffff
ffffffff
ffffffff
ffffffff
ffffffff
ffffffff
ffffffff
ffffffff
ffffffff
ffffffff
ffffffff
ffffffff
ffffffff
ffffffff
ffffffff
ffffffff
ffffffff
ffffffff
ffffffff
ffffffff
ffffffff
ffffffff
ffffffff
ffffffff
ffffffff
ffffffff
ffffffff
ffffffff
ffffffff
ffffffff
ffffffff
ffffffff
ffffffff
ffffffff
ffffffff
ffffffff
ffffffff
ffffffff
ffffffff
ffffffff
ffffffff
ffffffff
ffffffff
ffffffff
ffffffff
ffffffff
ffffffff
ffffffff
ffffffff
ffffffff
ffffffff
ffffffff
ffffffff
ffffffff
ffffffff
ffffffff
ffffffff
ffffffff
ffffffff
ffffffff
ffffffff
ffffffff
ffffffff
ffffffff
ffffffff
ffffffff
ffffffff
ffffffff
ffffffff
ffffffff
ffffffff
ffffffff
ffffffff
ffffffff
ffffffff
ffffffff
ffffffff
ffffffff
ffffffff
ffffffff
ffffffff
ffffffff
ffffffff
ffffffff
ffffffff
ffffffff
ffffffff
ffffffff
ffffffff
ffffffff
ffffffff
ffffffff
ffffffff
ffffffff
ffffffff
ffffffff
ffffffff
ffffffff
ffffffff
ffffffff
ffffffff
ffffffff
ffffffff
ffffffff
ffffffff
ffffffff
ffffffff
ffffffff
ffffffff
ffffffff
ffffffff
ffffffff
ffffffff
ffffffff
ffffffff
ffffffff
ffffffff
ffffffff
ffffffff
ffffffff
ffffffff
ffffffff
ffffffff
ffffffff
ffffffff
ffffffff
ffffffff
ffffffff
ffffffff
ffffffff
ffffffff
ffffffff
ffffffff
ffffffff
ffffffff
ffffffff
ffffffff
ffffffff
ffffffff
ffffffff
ffffffff
ffffffff
ffffffff
ffffffff
ffffffff
ffffffff
ffffffff
ffffffff
ffffffff
ffffffff
ffffffff
ffffffff
ffffffff
ffffffff
ffffffff
ffffffff
ffffffff
ffffffff
ffffffff
ffffffff
ffffffff
ffffffff
ffffffff
ffffffff
ffffffff
ffffffff
ffffffff
ffffffff
ffffffff
ffffffff
ffffffff
ffffffff
ffffffff
ffffffff
ffffffff
ffffffff
ffffffff
ffffffff
ffffffff
ffffffff
ffffffff
ffffffff
ffffffff
ffffffff
ffffffff
ffffffff
ffffffff
ffffffff
ffffffff
ffffffff
ffffffff
ffffffff
ffffffff
ffffffff
ffffffff
ffffffff
ffffffff
ffffffff
ffffffff
ffffffff
ffffffff
ffffffff
ffffffff
ffffffff
ffffffff
ffffffff
ffffffff
ffffffff
ffffffff
ffffffff
ffffffff
ffffffff
ffffffff
ffffffff
ffffffff
ffffffff
ffffffff
ffffffff
ffffffff
ffffffff
ffffffff
ffffffff
ffffffff
ffffffff
ffffffff
ffffffff
ffffffff
ffffffff
ffffffff
ffffffff
ffffffff
ffffffff
ffffffff
ffffffff
ffffffff
ffffffff
ffffffff
ffffffff
ffffffff
ffffffff
ffffffff
ffffffff
ffffffff
ffffffff
ffffffff
ffffffff
ffffffff
ffffffff
ffffffff
ffffffff
ffffffff
ffffffff
ffffffff
ffffffff
ffffffff
ffffffff
ffffffff
ffffffff
ffffffff
ffffffff
ffffffff
ffffffff
ffffffff
ffffffff
ffffffff
ffffffff
ffffffff
ffffffff
ffffffff
ffffffff
ffffffff
ffffffff
ffffffff
ffffffff
ffffffff
ffffffff
ffffffff
ffffffff
ffffffff
ffffffff
ffffffff
ffffffff
ffffffff
ffffffff
ffffffff
ffffffff
ffffffff
ffffffff
ffffffff
ffffffff
ffffffff
ffffffff
ffffffff
ffffffff
ffffffff
ffffffff
ffffffff
ffffffff
ffffffff
ffffffff
ffffffff
ffffffff
ffffffff
ffffffff
ffffffff
ffffffff
ffffffff
ffffffff
ffffffff
ffffffff
ffffffff
ffffffff
ffffffff
ffffffff
ffffffff
ffffffff
ffffffff
ffffffff
ffffffff
ffffffff
ffffffff
ffffffff
ffffffff
ffffffff
ffffffff
ffffffff
ffffffff
ffffffff
ffffffff
ffffffff
ffffffff
ffffffff
ffffffff
ffffffff
ffffffff
ffffffff
ffffffff
ffffffff
ffffffff
ffffffff
ffffffff
ffffffff
ffffffff
ffffffff
ffffffff
ffffffff
ffffffff
ffffffff
ffffffff
ffffffff
ffffffff
ffffffff
ffffffff
ffffffff
ffffffff
ffffffff
ffffffff
ffffffff
ffffffff
ffffffff
ffffffff
ffffffff
ffffffff
ffffffff
ffffffff
ffffffff
ffffffff
ffffffff
ffffffff
ffffffff
ffffffff
ffffffff
ffffffff
ffffffff
ffffffff
ffffffff
ffffffff
ffffffff
ffffffff
ffffffff
ffffffff
ffffffff
ffffffff
ffffffff
ffffffff
ffffffff
ffffffff
ffffffff
ffffffff
ffffffff
ffffffff
ffffffff
ffffffff
ffffffff
ffffffff
ffffffff
ffffffff
ffffffff
ffffffff
ffffffff
ffffffff
ffffffff
ffffffff
ffffffff
ffffffff
ffffffff
ffffffff
ffffffff
ffffffff
ffffffff
ffffffff
ffffffff
ffffffff
ffffffff
ffffffff
ffffffff
ffffffff
ffffffff
ffffffff
ffffffff
ffffffff
ffffffff
ffffffff
ffffffff
ffffffff
ffffffff
ffffffff
ffffffff
ffffffff
ffffffff
ffffffff
ffffffff
ffffffff
ffffffff
ffffffff
ffffffff
ffffffff
ffffffff
ffffffff
ffffffff
ffffffff
ffffffff
ffffffff
ffffffff
ffffffff
ffffffff
ffffffff
ffffffff
ffffffff
ffffffff
ffffffff
ffffffff
ffffffff
ffffffff
ffffffff
ffffffff
ffffffff
ffffffff
ffffffff
ffffffff
ffffffff
ffffffff
ffffffff
ffffffff
ffffffff
ffffffff
ffffffff
ffffffff
ffffffff
ffffffff
ffffffff
ffffffff
ffffffff
ffffffff
ffffffff
ffffffff
ffffffff
ffffffff
ffffffff
ffffffff
ffffffff
ffffffff
ffffffff
ffffffff
ffffffff
ffffffff
ffffffff
ffffffff
ffffffff
ffffffff
ffffffff
ffffffff
ffffffff
ffffffff
ffffffff
ffffffff
ffffffff
ffffffff
ffffffff
ffffffff
ffffffff
ffffffff
ffffffff
ffffffff
ffffffff
ffffffff
ffffffff
ffffffff
ffffffff
ffffffff
ffffffff
ffffffff
ffffffff
ffffffff
ffffffff
ffffffff
ffffffff
ffffffff
ffffffff
ffffffff
ffffffff
ffffffff
ffffffff
ffffffff
ffffffff
ffffffff
ffffffff
ffffffff
ffffffff
ffffffff
ffffffff
ffffffff
ffffffff
ffffffff
ffffffff
ffffffff
ffffffff
ffffffff
ffffffff
ffffffff
ffffffff
ffffffff
ffffffff
ffffffff
ffffffff
ffffffff
ffffffff
ffffffff
ffffffff
ffffffff
ffffffff
ffffffff
ffffffff
ffffffff
ffffffff
ffffffff
ffffffff
ffffffff
ffffffff
ffffffff
ffffffff
ffffffff
ffffffff
ffffffff
ffffffff
ffffffff
ffffffff
ffffffff
ffffffff
ffffffff
ffffffff
ffffffff
ffffffff
ffffffff
ffffffff
ffffffff
ffffffff
ffffffff
ffffffff
ffffffff
ffffffff
ffffffff
ffffffff
ffffffff
ffffffff
ffffffff
ffffffff
ffffffff
ffffffff
ffffffff
ffffffff
ffffffff
ffffffff
ffffffff
ffffffff
ffffffff
ffffffff
ffffffff
ffffffff
ffffffff
ffffffff
ffffffff
ffffffff
ffffffff
ffffffff
ffffffff
ffffffff
ffffffff
ffffffff
ffffffff
ffffffff
ffffffff
ffffffff
ffffffff
ffffffff
ffffffff
ffffffff
ffffffff
ffffffff
ffffffff
ffffffff
ffffffff
ffffffff
ffffffff
ffffffff
ffffffff
ffffffff
ffffffff
ffffffff
ffffffff
ffffffff
ffffffff
ffffffff
ffffffff
ffffffff
ffffffff
ffffffff
ffffffff
ffffffff
ffffffff
ffffffff
ffffffff
ffffffff
ffffffff
ffffffff
ffffffff
ffffffff
ffffffff
ffffffff
ffffffff
ffffffff
ffffffff
ffffffff
ffffffff
ffffffff
ffffffff
ffffffff
ffffffff
ffffffff
ffffffff
ffffffff
ffffffff
ffffffff
ffffffff
ffffffff
ffffffff
ffffffff
ffffffff
ffffffff
ffffffff
ffffffff
ffffffff
ffffffff
ffffffff
ffffffff
ffffffff
ffffffff
ffffffff
ffffffff
ffffffff
ffffffff
ffffffff
ffffffff
ffffffff
ffffffff
ffffffff
ffffffff
ffffffff
ffffffff
ffffffff
ffffffff
ffffffff
ffffffff
ffffffff
ffffffff
ffffffff
ffffffff
ffffffff
ffffffff
ffffffff
ffffffff
ffffffff
ffffffff
ffffffff
ffffffff
ffffffff
ffffffff
ffffffff
ffffffff
ffffffff
ffffffff
ffffffff
ffffffff
ffffffff
ffffffff
ffffffff
ffffffff
ffffffff
ffffffff
ffffffff
ffffffff
ffffffff
ffffffff
ffffffff
ffffffff
ffffffff
ffffffff
ffffffff
ffffffff
ffffffff
ffffffff
ffffffff
ffffffff
ffffffff
ffffffff
ffffffff
ffffffff
ffffffff
ffffffff
ffffffff
ffffffff
ffffffff
ffffffff
ffffffff
ffffffff
ffffffff
ffffffff
ffffffff
ffffffff
ffffffff
ffffffff
ffffffff
ffffffff
ffffffff
ffffffff
ffffffff
ffffffff
ffffffff
ffffffff
ffffffff
ffffffff
ffffffff
ffffffff
ffffffff
ffffffff
ffffffff
ffffffff
ffffffff
ffffffff
ffffffff
ffffffff
ffffffff
ffffffff
ffffffff
ffffffff
ffffffff
ffffffff
ffffffff
ffffffff
ffffffff
ffffffff
ffffffff
ffffffff
ffffffff
ffffffff
ffffffff
ffffffff
ffffffff
ffffffff
ffffffff
ffffffff
ffffffff
ffffffff
ffffffff
ffffffff
ffffffff
ffffffff
ffffffff
ffffffff
ffffffff
ffffffff
ffffffff
ffffffff
ffffffff
ffffffff
ffffffff
ffffffff
ffffffff
ffffffff
ffffffff
ffffffff
ffffffff
ffffffff
ffffffff
ffffffff
ffffffff
ffffffff
ffffffff
ffffffff
ffffffff
ffffffff
ffffffff
ffffffff
ffffffff
ffffffff
ffffffff
ffffffff
ffffffff
ffffffff
ffffffff
ffffffff
ffffffff
ffffffff
ffffffff
ffffffff
ffffffff
ffffffff
ffffffff
ffffffff
ffffffff
ffffffff
ffffffff
ffffffff
ffffffff
ffffffff
ffffffff
ffffffff
ffffffff
ffffffff
ffffffff
ffffffff
ffffffff
ffffffff
ffffffff
ffffffff
ffffffff
ffffffff
ffffffff
ffffffff
ffffffff
ffffffff
ffffffff
ffffffff
ffffffff
ffffffff
ffffffff
ffffffff
ffffffff
ffffffff
ffffffff
ffffffff
ffffffff
ffffffff
ffffffff
ffffffff
ffffffff
ffffffff
ffffffff
ffffffff
ffffffff
ffffffff
ffffffff
ffffffff
ffffffff
ffffffff
ffffffff
ffffffff
ffffffff
ffffffff
ffffffff
ffffffff
ffffffff
ffffffff
ffffffff
ffffffff
ffffffff
ffffffff
ffffffff
ffffffff
ffffffff
ffffffff
ffffffff
ffffffff
ffffffff
ffffffff
ffffffff
ffffffff
ffffffff
ffffffff
ffffffff
ffffffff
ffffffff
ffffffff
ffffffff
ffffffff
ffffffff
ffffffff
ffffffff
ffffffff
ffffffff
ffffffff
ffffffff
ffffffff
ffffffff
ffffffff
ffffffff
ffffffff
ffffffff
ffffffff
ffffffff
ffffffff
ffffffff
ffffffff
ffffffff
ffffffff
ffffffff
ffffffff
ffffffff
ffffffff
ffffffff
ffffffff
ffffffff
ffffffff
ffffffff
ffffffff
ffffffff
ffffffff
ffffffff
ffffffff
ffffffff
ffffffff
ffffffff
ffffffff
ffffffff
ffffffff
ffffffff
ffffffff
ffffffff
ffffffff
ffffffff
ffffffff
ffffffff
ffffffff
ffffffff
ffffffff
ffffffff
ffffffff
ffffffff
ffffffff
ffffffff
ffffffff
ffffffff
ffffffff
ffffffff
ffffffff
ffffffff
ffffffff
ffffffff
ffffffff
ffffffff
ffffffff
ffffffff
ffffffff
ffffffff
ffffffff
ffffffff
ffffffff
ffffffff
ffffffff
ffffffff
ffffffff
ffffffff
ffffffff
ffffffff
ffffffff
ffffffff
ffffffff
ffffffff
ffffffff
ffffffff
ffffffff
ffffffff
ffffffff
ffffffff
ffffffff
ffffffff
ffffffff
ffffffff
ffffffff
ffffffff
ffffffff
ffffffff
ffffffff
ffffffff
ffffffff
ffffffff
ffffffff
ffffffff
ffffffff
ffffffff
ffffffff
ffffffff
ffffffff
ffffffff
ffffffff
ffffffff
ffffffff
ffffffff
ffffffff
ffffffff
ffffffff
ffffffff
ffffffff
ffffffff
ffffffff
ffffffff
ffffffff
ffffffff
ffffffff
ffffffff
ffffffff
ffffffff
ffffffff
ffffffff
ffffffff
ffffffff
ffffffff
ffffffff
ffffffff
ffffffff
ffffffff
ffffffff
ffffffff
ffffffff
ffffffff
ffffffff
ffffffff
ffffffff
ffffffff
ffffffff
ffffffff
ffffffff
ffffffff
ffffffff
ffffffff
ffffffff
ffffffff
ffffffff
ffffffff
ffffffff
ffffffff
ffffffff
ffffffff
ffffffff
ffffffff
ffffffff
ffffffff
ffffffff
ffffffff
ffffffff
ffffffff
ffffffff
ffffffff
ffffffff
ffffffff
ffffffff
ffffffff
ffffffff
ffffffff
ffffffff
ffffffff
ffffffff
ffffffff
ffffffff
ffffffff
ffffffff
ffffffff
ffffffff
ffffffff
ffffffff
ffffffff
ffffffff
ffffffff
ffffffff
ffffffff
ffffffff
ffffffff
ffffffff
ffffffff
ffffffff
ffffffff
ffffffff
ffffffff
ffffffff
ffffffff
ffffffff
ffffffff
ffffffff
ffffffff
ffffffff
ffffffff
ffffffff
ffffffff
ffffffff
ffffffff
ffffffff
ffffffff
ffffffff
ffffffff
ffffffff
ffffffff
ffffffff
ffffffff
ffffffff
ffffffff
ffffffff
ffffffff
ffffffff
ffffffff
ffffffff
ffffffff
ffffffff
ffffffff
ffffffff
ffffffff
ffffffff
ffffffff
ffffffff
ffffffff
ffffffff
ffffffff
ffffffff
ffffffff
ffffffff
ffffffff
ffffffff
ffffffff
ffffffff
ffffffff
ffffffff
ffffffff
ffffffff
ffffffff
ffffffff
ffffffff
ffffffff
ffffffff
ffffffff
ffffffff
ffffffff
ffffffff
ffffffff
ffffffff
ffffffff
ffffffff
ffffffff
ffffffff
ffffffff
ffffffff
ffffffff
ffffffff
ffffffff
ffffffff
ffffffff
ffffffff
ffffffff
ffffffff
ffffffff
ffffffff
ffffffff
ffffffff
ffffffff
ffffffff
ffffffff
ffffffff
ffffffff
ffffffff
ffffffff
ffffffff
ffffffff
ffffffff
ffffffff
ffffffff
ffffffff
ffffffff
ffffffff
ffffffff
ffffffff
ffffffff
ffffffff
ffffffff
ffffffff
ffffffff
ffffffff
ffffffff
ffffffff
ffffffff
ffffffff
ffffffff
ffffffff
ffffffff
ffffffff
ffffffff
ffffffff
ffffffff
ffffffff
ffffffff
ffffffff
ffffffff
ffffffff
ffffffff
ffffffff
ffffffff
ffffffff
ffffffff
ffffffff
ffffffff
ffffffff
ffffffff
ffffffff
ffffffff
ffffffff
ffffffff
ffffffff
ffffffff
ffffffff
ffffffff
ffffffff
ffffffff
ffffffff
ffffffff
ffffffff
ffffffff
ffffffff
ffffffff
ffffffff
ffffffff
ffffffff
ffffffff
ffffffff
ffffffff
ffffffff
ffffffff
ffffffff
ffffffff
ffffffff
ffffffff
ffffffff
ffffffff
ffffffff
ffffffff
ffffffff
ffffffff
ffffffff
ffffffff
ffffffff
ffffffff
ffffffff
ffffffff
ffffffff
ffffffff
ffffffff
ffffffff
ffffffff
ffffffff
ffffffff
ffffffff
ffffffff
ffffffff
ffffffff
ffffffff
ffffffff
ffffffff
ffffffff
ffffffff
ffffffff
ffffffff
ffffffff
ffffffff
ffffffff
ffffffff
ffffffff
ffffffff
ffffffff
ffffffff
ffffffff
ffffffff
ffffffff
ffffffff
ffffffff
ffffffff
ffffffff
ffffffff
ffffffff
ffffffff
ffffffff
ffffffff
ffffffff
ffffffff
ffffffff
ffffffff
ffffffff
ffffffff
ffffffff
ffffffff
ffffffff
ffffffff
ffffffff
ffffffff
ffffffff
ffffffff
ffffffff
ffffffff
ffffffff
ffffffff
ffffffff
ffffffff
ffffffff
ffffffff
ffffffff
ffffffff
ffffffff
ffffffff
ffffffff
ffffffff
ffffffff
ffffffff
ffffffff
ffffffff
ffffffff
ffffffff
ffffffff
ffffffff
ffffffff
ffffffff
ffffffff
ffffffff
ffffffff
ffffffff
ffffffff
ffffffff
ffffffff
ffffffff
ffffffff
ffffffff
ffffffff
ffffffff
ffffffff
ffffffff
ffffffff
ffffffff
ffffffff
ffffffff
ffffffff
ffffffff
ffffffff
ffffffff
ffffffff
ffffffff
ffffffff
ffffffff
ffffffff
ffffffff
ffffffff
ffffffff
ffffffff
ffffffff
ffffffff
ffffffff
ffffffff
ffffffff
ffffffff
ffffffff
ffffffff
ffffffff
ffffffff
ffffffff
ffffffff
ffffffff
ffffffff
ffffffff
ffffffff
ffffffff
ffffffff
ffffffff
ffffffff
ffffffff
ffffffff
ffffffff
ffffffff
ffffffff
ffffffff
ffffffff
ffffffff
ffffffff
ffffffff
ffffffff
ffffffff
ffffffff
ffffffff
ffffffff
ffffffff
ffffffff
ffffffff
ffffffff
ffffffff
ffffffff
ffffffff
ffffffff
ffffffff
ffffffff
ffffffff
ffffffff
ffffffff
ffffffff
ffffffff
ffffffff
ffffffff
ffffffff
ffffffff
ffffffff
ffffffff
ffffffff
ffffffff
ffffffff
ffffffff
ffffffff
ffffffff
ffffffff
ffffffff
ffffffff
ffffffff
ffffffff
ffffffff
ffffffff
ffffffff
ffffffff
ffffffff
ffffffff
ffffffff
ffffffff
ffffffff
ffffffff
ffffffff
ffffffff
ffffffff
ffffffff
ffffffff
ffffffff
ffffffff
ffffffff
ffffffff
ffffffff
ffffffff
ffffffff
ffffffff
ffffffff
ffffffff
ffffffff
ffffffff
ffffffff
ffffffff
ffffffff
ffffffff
ffffffff
ffffffff
ffffffff
ffffffff
ffffffff
ffffffff
ffffffff
ffffffff
ffffffff
ffffffff
ffffffff
ffffffff
ffffffff
ffffffff
ffffffff
ffffffff
ffffffff
ffffffff
ffffffff
ffffffff
ffffffff
ffffffff
ffffffff
ffffffff
ffffffff
ffffffff
ffffffff
ffffffff
ffffffff
ffffffff
ffffffff
ffffffff
ffffffff
ffffffff
ffffffff
ffffffff
ffffffff
ffffffff
ffffffff
ffffffff
ffffffff
ffffffff
ffffffff
ffffffff
ffffffff
ffffffff
ffffffff
ffffffff
ffffffff
ffffffff
ffffffff
ffffffff
ffffffff
ffffffff
ffffffff
ffffffff
ffffffff
ffffffff
ffffffff
ffffffff
ffffffff
ffffffff
ffffffff
ffffffff
ffffffff
ffffffff
ffffffff
ffffffff
ffffffff
ffffffff
ffffffff
ffffffff
ffffffff
ffffffff
ffffffff
ffffffff
ffffffff
ffffffff
ffffffff
ffffffff
ffffffff
ffffffff
ffffffff
ffffffff
ffffffff
ffffffff
ffffffff
ffffffff
ffffffff
ffffffff
ffffffff
ffffffff
ffffffff
ffffffff
ffffffff
ffffffff
ffffffff
ffffffff
ffffffff
ffffffff
ffffffff
ffffffff
ffffffff
ffffffff
ffffffff
ffffffff
ffffffff
ffffffff
ffffffff
ffffffff
ffffffff
ffffffff
ffffffff
ffffffff
ffffffff
ffffffff
ffffffff
ffffffff
ffffffff
ffffffff
ffffffff
ffffffff
ffffffff
ffffffff
ffffffff
ffffffff
ffffffff
ffffffff
ffffffff
ffffffff
ffffffff
ffffffff
ffffffff
ffffffff
ffffffff
ffffffff
ffffffff
ffffffff
ffffffff
ffffffff
ffffffff
ffffffff
ffffffff
ffffffff
ffffffff
ffffffff
ffffffff
ffffffff
ffffffff
ffffffff
ffffffff
ffffffff
ffffffff
ffffffff
ffffffff
ffffffff
ffffffff
ffffffff
ffffffff
ffffffff
ffffffff
ffffffff
ffffffff
ffffffff
ffffffff
ffffffff
ffffffff
ffffffff
ffffffff
ffffffff
ffffffff
ffffffff
ffffffff
ffffffff
ffffffff
ffffffff
ffffffff
ffffffff
ffffffff
ffffffff
ffffffff
ffffffff
ffffffff
ffffffff
ffffffff
ffffffff
ffffffff
ffffffff
ffffffff
ffffffff
ffffffff
ffffffff
ffffffff
ffffffff
ffffffff
ffffffff
ffffffff
ffffffff
ffffffff
ffffffff
ffffffff
ffffffff
ffffffff
ffffffff
ffffffff
ffffffff
ffffffff
ffffffff
ffffffff
ffffffff
ffffffff
ffffffff
ffffffff
ffffffff
ffffffff
ffffffff
ffffffff
ffffffff
ffffffff
ffffffff
ffffffff
ffffffff
ffffffff
ffffffff
ffffffff
ffffffff
ffffffff
ffffffff
ffffffff
ffffffff
ffffffff
ffffffff
ffffffff
ffffffff
ffffffff
ffffffff
ffffffff
ffffffff
ffffffff
ffffffff
ffffffff
ffffffff
ffffffff
ffffffff
ffffffff
ffffffff
ffffffff
ffffffff
ffffffff
ffffffff
ffffffff
ffffffff
ffffffff
ffffffff
ffffffff
ffffffff
ffffffff
ffffffff
ffffffff
ffffffff
ffffffff
ffffffff
ffffffff
ffffffff
ffffffff
ffffffff
ffffffff
ffffffff
ffffffff
ffffffff
ffffffff
ffffffff
ffffffff
ffffffff
ffffffff
ffffffff
ffffffff
ffffffff
ffffffff
ffffffff
ffffffff
ffffffff
ffffffff
ffffffff
ffffffff
ffffffff
ffffffff
ffffffff
ffffffff
ffffffff
ffffffff
ffffffff
ffffffff
ffffffff
ffffffff
ffffffff
ffffffff
ffffffff
ffffffff
ffffffff
ffffffff
ffffffff
ffffffff
ffffffff
ffffffff
ffffffff
ffffffff
ffffffff
ffffffff
ffffffff
ffffffff
ffffffff
ffffffff
ffffffff
ffffffff
ffffffff
ffffffff
ffffffff
ffffffff
ffffffff
ffffffff
ffffffff
ffffffff
ffffffff
ffffffff
ffffffff
ffffffff
ffffffff
ffffffff
ffffffff
ffffffff
ffffffff
ffffffff
ffffffff
ffffffff
ffffffff
ffffffff
ffffffff
ffffffff
ffffffff
ffffffff
ffffffff
ffffffff
ffffffff
ffffffff
ffffffff
ffffffff
ffffffff
ffffffff
ffffffff
ffffffff
ffffffff
ffffffff
ffffffff
ffffffff
ffffffff
ffffffff
ffffffff
ffffffff
ffffffff
ffffffff
ffffffff
ffffffff
ffffffff
ffffffff
ffffffff
ffffffff
ffffffff
ffffffff
ffffffff
ffffffff
ffffffff
ffffffff
ffffffff
ffffffff
ffffffff
ffffffff
ffffffff
ffffffff
ffffffff
ffffffff
ffffffff
ffffffff
ffffffff
ffffffff
ffffffff
ffffffff
ffffffff
ffffffff
ffffffff
ffffffff
ffffffff
ffffffff
ffffffff
ffffffff
ffffffff
ffffffff
ffffffff
ffffffff
ffffffff
ffffffff
ffffffff
ffffffff
ffffffff
ffffffff
ffffffff
ffffffff
ffffffff
ffffffff
ffffffff
ffffffff
ffffffff
ffffffff
ffffffff
ffffffff
ffffffff
ffffffff
ffffffff
ffffffff
ffffffff
ffffffff
ffffffff
ffffffff
ffffffff
ffffffff
ffffffff
ffffffff
ffffffff
ffffffff
ffffffff
ffffffff
ffffffff
ffffffff
ffffffff
ffffffff
ffffffff
ffffffff
ffffffff
ffffffff
ffffffff
ffffffff
ffffffff
ffffffff
ffffffff
ffffffff
ffffffff
ffffffff
ffffffff
ffffffff
ffffffff
ffffffff
ffffffff
ffffffff
ffffffff
ffffffff
ffffffff
ffffffff
ffffffff
ffffffff
ffffffff
ffffffff
ffffffff
ffffffff
ffffffff
ffffffff
ffffffff
ffffffff
ffffffff
ffffffff
ffffffff
ffffffff
ffffffff
ffffffff
ffffffff
ffffffff
ffffffff
ffffffff
ffffffff
ffffffff
ffffffff
ffffffff
ffffffff
ffffffff
ffffffff
ffffffff
ffffffff
ffffffff
ffffffff
ffffffff
ffffffff
ffffffff
ffffffff
ffffffff
ffffffff
ffffffff
ffffffff
ffffffff
ffffffff
ffffffff
ffffffff
ffffffff
ffffffff
ffffffff
ffffffff
ffffffff
ffffffff
ffffffff
ffffffff
ffffffff
ffffffff
ffffffff
ffffffff
ffffffff
ffffffff
ffffffff
ffffffff
ffffffff
ffffffff
ffffffff
ffffffff
ffffffff
ffffffff
ffffffff
ffffffff
ffffffff
ffffffff
ffffffff
ffffffff
ffffffff
ffffffff
ffffffff
ffffffff
ffffffff
ffffffff
ffffffff
ffffffff
ffffffff
ffffffff
ffffffff
ffffffff
ffffffff
ffffffff
ffffffff
ffffffff
ffffffff
ffffffff
ffffffff
ffffffff
ffffffff
ffffffff
ffffffff
ffffffff
ffffffff
ffffffff
ffffffff
ffffffff
ffffffff
ffffffff
ffffffff
ffffffff
ffffffff
ffffffff
ffffffff
ffffffff
ffffffff
ffffffff
ffffffff
ffffffff
ffffffff
ffffffff
ffffffff
ffffffff
ffffffff
ffffffff
ffffffff
ffffffff
ffffffff
ffffffff
ffffffff
ffffffff
ffffffff
ffffffff
ffffffff
ffffffff
ffffffff
ffffffff
ffffffff
ffffffff
ffffffff
ffffffff
ffffffff
ffffffff
ffffffff
ffffffff
ffffffff
ffffffff
ffffffff
ffffffff
ffffffff
ffffffff
ffffffff
ffffffff
ffffffff
ffffffff
ffffffff
ffffffff
ffffffff
ffffffff
ffffffff
ffffffff
ffffffff
ffffffff
ffffffff
ffffffff
ffffffff
ffffffff
ffffffff
ffffffff
ffffffff
ffffffff
ffffffff
ffffffff
ffffffff
ffffffff
ffffffff
ffffffff
ffffffff
ffffffff
ffffffff
ffffffff
ffffffff
ffffffff
ffffffff
ffffffff
ffffffff
ffffffff
ffffffff
ffffffff
ffffffff
ffffffff
ffffffff
ffffffff
ffffffff
ffffffff
ffffffff
ffffffff
ffffffff
ffffffff
ffffffff
ffffffff
ffffffff
ffffffff
ffffffff
ffffffff
ffffffff
ffffffff
ffffffff
ffffffff
ffffffff
ffffffff
ffffffff
ffffffff
ffffffff
ffffffff
ffffffff
ffffffff
ffffffff
ffffffff
ffffffff
ffffffff
ffffffff
ffffffff
ffffffff
ffffffff
ffffffff
ffffffff
ffffffff
ffffffff
ffffffff
ffffffff
ffffffff
ffffffff
ffffffff
ffffffff
ffffffff
ffffffff
ffffffff
ffffffff
ffffffff
ffffffff
ffffffff
ffffffff
ffffffff
ffffffff
ffffffff
ffffffff
ffffffff
ffffffff
ffffffff
ffffffff
ffffffff
ffffffff
ffffffff
ffffffff
ffffffff
ffffffff
ffffffff
ffffffff
ffffffff
ffffffff
ffffffff
ffffffff
ffffffff
ffffffff
ffffffff
ffffffff
ffffffff
ffffffff
ffffffff
ffffffff
ffffffff
ffffffff
ffffffff
ffffffff
ffffffff
ffffffff
ffffffff
ffffffff
ffffffff
ffffffff
ffffffff
ffffffff
ffffffff
ffffffff
ffffffff
ffffffff
ffffffff
ffffffff
ffffffff
ffffffff
ffffffff
ffffffff
ffffffff
ffffffff
ffffffff
ffffffff
ffffffff
ffffffff
ffffffff
ffffffff
ffffffff
ffffffff
ffffffff
ffffffff
ffffffff
ffffffff
ffffffff
ffffffff
ffffffff
ffffffff
ffffffff
ffffffff
ffffffff
ffffffff
ffffffff
ffffffff
ffffffff
ffffffff
ffffffff
ffffffff
ffffffff
ffffffff
ffffffff
ffffffff
ffffffff
ffffffff
ffffffff
ffffffff
ffffffff
ffffffff
ffffffff
ffffffff
ffffffff
ffffffff
ffffffff
ffffffff
ffffffff
ffffffff
ffffffff
ffffffff
ffffffff
ffffffff
ffffffff
ffffffff
ffffffff
ffffffff
ffffffff
ffffffff
ffffffff
ffffffff
ffffffff
ffffffff
ffffffff
ffffffff
ffffffff
ffffffff
ffffffff
ffffffff
ffffffff
ffffffff
ffffffff
ffffffff
ffffffff
ffffffff
ffffffff
ffffffff
ffffffff
ffffffff
ffffffff
ffffffff
ffffffff
ffffffff
ffffffff
ffffffff
ffffffff
ffffffff
ffffffff
ffffffff
ffffffff
ffffffff
ffffffff
ffffffff
ffffffff
ffffffff
ffffffff
ffffffff
ffffffff
ffffffff
ffffffff
ffffffff
ffffffff
ffffffff
ffffffff
ffffffff
ffffffff
ffffffff
ffffffff
ffffffff
ffffffff
ffffffff
ffffffff
ffffffff
ffffffff
ffffffff
ffffffff
ffffffff
ffffffff
ffffffff
ffffffff
ffffffff
ffffffff
ffffffff
ffffffff
ffffffff
ffffffff
ffffffff
ffffffff
ffffffff
ffffffff
ffffffff
ffffffff
ffffffff
ffffffff
ffffffff
ffffffff
ffffffff
ffffffff
ffffffff
ffffffff
ffffffff
ffffffff
ffffffff
ffffffff
ffffffff
ffffffff
ffffffff
ffffffff
ffffffff
ffffffff
ffffffff
ffffffff
ffffffff
ffffffff
ffffffff
ffffffff
ffffffff
ffffffff
ffffffff
ffffffff
ffffffff
ffffffff
ffffffff
ffffffff
ffffffff
ffffffff
ffffffff
ffffffff
ffffffff
ffffffff
ffffffff
ffffffff
ffffffff
ffffffff
ffffffff
ffffffff
ffffffff
ffffffff
ffffffff
ffffffff
ffffffff
ffffffff
ffffffff
ffffffff
ffffffff
ffffffff
ffffffff
ffffffff
ffffffff
ffffffff
ffffffff
ffffffff
ffffffff
ffffffff
ffffffff
ffffffff
ffffffff
ffffffff
ffffffff
ffffffff
ffffffff
ffffffff
ffffffff
ffffffff
ffffffff
ffffffff
ffffffff
ffffffff
ffffffff
ffffffff
ffffffff
ffffffff
ffffffff
ffffffff
ffffffff
ffffffff
ffffffff
ffffffff
ffffffff
ffffffff
ffffffff
ffffffff
ffffffff
ffffffff
ffffffff
ffffffff
ffffffff
ffffffff
ffffffff
ffffffff
ffffffff
ffffffff
ffffffff
ffffffff
ffffffff
ffffffff
ffffffff
ffffffff
ffffffff
ffffffff
ffffffff
ffffffff
ffffffff
ffffffff
ffffffff
ffffffff
ffffffff
ffffffff
ffffffff
ffffffff
ffffffff
ffffffff
ffffffff
ffffffff
ffffffff
ffffffff
ffffffff
ffffffff
ffffffff
ffffffff
ffffffff
ffffffff
ffffffff
ffffffff
ffffffff
ffffffff
ffffffff
ffffffff
ffffffff
ffffffff
ffffffff
ffffffff
ffffffff
ffffffff
ffffffff
ffffffff
ffffffff
ffffffff
ffffffff
ffffffff
ffffffff
ffffffff
ffffffff
ffffffff
ffffffff
ffffffff
ffffffff
ffffffff
ffffffff
ffffffff
ffffffff
ffffffff
ffffffff
ffffffff
ffffffff
ffffffff
ffffffff
ffffffff
ffffffff
ffffffff
ffffffff
ffffffff
ffffffff
ffffffff
ffffffff
ffffffff
ffffffff
ffffffff
ffffffff
ffffffff
ffffffff
ffffffff
ffffffff
ffffffff
ffffffff
ffffffff
ffffffff
ffffffff
ffffffff
ffffffff
ffffffff
ffffffff
ffffffff
ffffffff
ffffffff
ffffffff
ffffffff
ffffffff
ffffffff
ffffffff
ffffffff
ffffffff
ffffffff
ffffffff
ffffffff
ffffffff
ffffffff
ffffffff
ffffffff
ffffffff
ffffffff
ffffffff
ffffffff
ffffffff
ffffffff
ffffffff
ffffffff
ffffffff
ffffffff
ffffffff
ffffffff
ffffffff
ffffffff
ffffffff
ffffffff
ffffffff
ffffffff
ffffffff
ffffffff
ffffffff
ffffffff
ffffffff
ffffffff
ffffffff
ffffffff
ffffffff
ffffffff
ffffffff
ffffffff
ffffffff
ffffffff
ffffffff
ffffffff
ffffffff
ffffffff
ffffffff
ffffffff
ffffffff
ffffffff
ffffffff
ffffffff
ffffffff
ffffffff
ffffffff
ffffffff
ffffffff
ffffffff
ffffffff
ffffffff
ffffffff
ffffffff
ffffffff
ffffffff
ffffffff
ffffffff
ffffffff
ffffffff
ffffffff
ffffffff
ffffffff
ffffffff
ffffffff
ffffffff
ffffffff
ffffffff
ffffffff
ffffffff
ffffffff
ffffffff
ffffffff
ffffffff
ffffffff
ffffffff
ffffffff
ffffffff
ffffffff
ffffffff
ffffffff
ffffffff
ffffffff
ffffffff
ffffffff
ffffffff
ffffffff
ffffffff
ffffffff
ffffffff
ffffffff
ffffffff
ffffffff
ffffffff
ffffffff
ffffffff
ffffffff
ffffffff
ffffffff
ffffffff
ffffffff
ffffffff
ffffffff
ffffffff
ffffffff
ffffffff
ffffffff
ffffffff
ffffffff
ffffffff
ffffffff
ffffffff
ffffffff
ffffffff
ffffffff
ffffffff
ffffffff
ffffffff
ffffffff
ffffffff
ffffffff
ffffffff
ffffffff
ffffffff
ffffffff
ffffffff
ffffffff
ffffffff
ffffffff
ffffffff
ffffffff
ffffffff
ffffffff
ffffffff
ffffffff
ffffffff
ffffffff
ffffffff
ffffffff
ffffffff
ffffffff
ffffffff
ffffffff
ffffffff
ffffffff
ffffffff
ffffffff
ffffffff
ffffffff
ffffffff
ffffffff
ffffffff
ffffffff
ffffffff
ffffffff
ffffffff
ffffffff
ffffffff
ffffffff
ffffffff
ffffffff
ffffffff
ffffffff
ffffffff
ffffffff
ffffffff
ffffffff
ffffffff
ffffffff
ffffffff
ffffffff
ffffffff
ffffffff
ffffffff
ffffffff
ffffffff
ffffffff
ffffffff
ffffffff
ffffffff
ffffffff
ffffffff
ffffffff
ffffffff
ffffffff
ffffffff
ffffffff
ffffffff
ffffffff
ffffffff
ffffffff
ffffffff
ffffffff
ffffffff
ffffffff
ffffffff
ffffffff
ffffffff
ffffffff
ffffffff
ffffffff
ffffffff
ffffffff
ffffffff
ffffffff
ffffffff
ffffffff
ffffffff
ffffffff
ffffffff
ffffffff
ffffffff
ffffffff
ffffffff
ffffffff
ffffffff
ffffffff
ffffffff
ffffffff
ffffffff
ffffffff
ffffffff
ffffffff
ffffffff
ffffffff
ffffffff
ffffffff
ffffffff
ffffffff
ffffffff
ffffffff
ffffffff
ffffffff
ffffffff
ffffffff
ffffffff
ffffffff
ffffffff
ffffffff
ffffffff
ffffffff
ffffffff
ffffffff
ffffffff
ffffffff
ffffffff
ffffffff
ffffffff
ffffffff
ffffffff
ffffffff
ffffffff
ffffffff
ffffffff
ffffffff
ffffffff
ffffffff
ffffffff
ffffffff
ffffffff
ffffffff
ffffffff
ffffffff
ffffffff
ffffffff
ffffffff
ffffffff
ffffffff
ffffffff
ffffffff
ffffffff
ffffffff
ffffffff
ffffffff
ffffffff
ffffffff
ffffffff
ffffffff
ffffffff
ffffffff
ffffffff
ffffffff
ffffffff
ffffffff
ffffffff
ffffffff
ffffffff
ffffffff
ffffffff
ffffffff
ffffffff
ffffffff
ffffffff
ffffffff
ffffffff
ffffffff
ffffffff
ffffffff
ffffffff
ffffffff
ffffffff
ffffffff
ffffffff
ffffffff
ffffffff
ffffffff
ffffffff
ffffffff
ffffffff
ffffffff
ffffffff
ffffffff
ffffffff
ffffffff
ffffffff
ffffffff
ffffffff
ffffffff
ffffffff
ffffffff
ffffffff
ffffffff
ffffffff
ffffffff
ffffffff
ffffffff
ffffffff
ffffffff
ffffffff
ffffffff
ffffffff
ffffffff
ffffffff
ffffffff
ffffffff
ffffffff
ffffffff
ffffffff
ffffffff
ffffffff
ffffffff
ffffffff
ffffffff
ffffffff
ffffffff
ffffffff
ffffffff
ffffffff
ffffffff
ffffffff
ffffffff
ffffffff
ffffffff
ffffffff
ffffffff
ffffffff
ffffffff
ffffffff
ffffffff
ffffffff
ffffffff
ffffffff
ffffffff
ffffffff
ffffffff
ffffffff
ffffffff
ffffffff
ffffffff
ffffffff
ffffffff
ffffffff
ffffffff
ffffffff
ffffffff
ffffffff
ffffffff
ffffffff
ffffffff
ffffffff
ffffffff
ffffffff
ffffffff
ffffffff
ffffffff
ffffffff
ffffffff
ffffffff
ffffffff
ffffffff
ffffffff
ffffffff
ffffffff
ffffffff
ffffffff
ffffffff
ffffffff
ffffffff
ffffffff
ffffffff
ffffffff
ffffffff
ffffffff
ffffffff
ffffffff
ffffffff
ffffffff
ffffffff
ffffffff
ffffffff
ffffffff
ffffffff
ffffffff
ffffffff
ffffffff
ffffffff
ffffffff
ffffffff
ffffffff
ffffffff
ffffffff
ffffffff
ffffffff
ffffffff
ffffffff
ffffffff
ffffffff
ffffffff
ffffffff
ffffffff
ffffffff
ffffffff
ffffffff
ffffffff
ffffffff
ffffffff
ffffffff
ffffffff
ffffffff
ffffffff
ffffffff
ffffffff
ffffffff
ffffffff
ffffffff
ffffffff
ffffffff
ffffffff
ffffffff
ffffffff
ffffffff
ffffffff
ffffffff
ffffffff
ffffffff
ffffffff
ffffffff
ffffffff
ffffffff
ffffffff
ffffffff
ffffffff
ffffffff
ffffffff
ffffffff
ffffffff
ffffffff
ffffffff
ffffffff
ffffffff
ffffffff
ffffffff
ffffffff
ffffffff
ffffffff
ffffffff
ffffffff
ffffffff
ffffffff
ffffffff
ffffffff
ffffffff
ffffffff
ffffffff
ffffffff
ffffffff
ffffffff
ffffffff
ffffffff
ffffffff
ffffffff
ffffffff
ffffffff
ffffffff
ffffffff
ffffffff
ffffffff
ffffffff
ffffffff
ffffffff
ffffffff
ffffffff
ffffffff
ffffffff
ffffffff
ffffffff
ffffffff
ffffffff
ffffffff
ffffffff
ffffffff
ffffffff
ffffffff
ffffffff
ffffffff
ffffffff
ffffffff
ffffffff
ffffffff
ffffffff
ffffffff
ffffffff
ffffffff
ffffffff
ffffffff
ffffffff
ffffffff
ffffffff
ffffffff
ffffffff
ffffffff
ffffffff
ffffffff
ffffffff
ffffffff
ffffffff
ffffffff
ffffffff
ffffffff
ffffffff
ffffffff
ffffffff
ffffffff
ffffffff
ffffffff
ffffffff
ffffffff
ffffffff
ffffffff
ffffffff
ffffffff
ffffffff
ffffffff
ffffffff
ffffffff
ffffffff
ffffffff
ffffffff
ffffffff
ffffffff
ffffffff
ffffffff
ffffffff
ffffffff
ffffffff
ffffffff
ffffffff
ffffffff
ffffffff
ffffffff
ffffffff
ffffffff
ffffffff
ffffffff
ffffffff
ffffffff
ffffffff
ffffffff
ffffffff
ffffffff
ffffffff
ffffffff
ffffffff
ffffffff
ffffffff
ffffffff
ffffffff
ffffffff
ffffffff
ffffffff
ffffffff
ffffffff
ffffffff
ffffffff
ffffffff
ffffffff
ffffffff
ffffffff
ffffffff
ffffffff
ffffffff
ffffffff
ffffffff
ffffffff
ffffffff
ffffffff
ffffffff
ffffffff
ffffffff
ffffffff
ffffffff
ffffffff
ffffffff
ffffffff
ffffffff
ffffffff
ffffffff
ffffffff
ffffffff
ffffffff
ffffffff
ffffffff
ffffffff
ffffffff
ffffffff
ffffffff
ffffffff
ffffffff
ffffffff
ffffffff
ffffffff
ffffffff
ffffffff
ffffffff
ffffffff
ffffffff
ffffffff
ffffffff
ffffffff
ffffffff
ffffffff
ffffffff
ffffffff
ffffffff
ffffffff
ffffffff
ffffffff
ffffffff
ffffffff
ffffffff
ffffffff
ffffffff
ffffffff
ffffffff
ffffffff
ffffffff
ffffffff
ffffffff
ffffffff
ffffffff
ffffffff
ffffffff
ffffffff
ffffffff
ffffffff
ffffffff
ffffffff
ffffffff
ffffffff
ffffffff
ffffffff
ffffffff
ffffffff
ffffffff
ffffffff
ffffffff
ffffffff
ffffffff
ffffffff
ffffffff
ffffffff
ffffffff
ffffffff
ffffffff
ffffffff
ffffffff
ffffffff
ffffffff
ffffffff
ffffffff
ffffffff
ffffffff
ffffffff
ffffffff
ffffffff
ffffffff
ffffffff
ffffffff
ffffffff
ffffffff
ffffffff
ffffffff
ffffffff
ffffffff
ffffffff
ffffffff
ffffffff
ffffffff
ffffffff
ffffffff
ffffffff
ffffffff
ffffffff
ffffffff
ffffffff
ffffffff
ffffffff
ffffffff
ffffffff
ffffffff
ffffffff
ffffffff
ffffffff
ffffffff
ffffffff
ffffffff
ffffffff
ffffffff
ffffffff
ffffffff
ffffffff
ffffffff
ffffffff
ffffffff
ffffffff
ffffffff
ffffffff
ffffffff
ffffffff
ffffffff
ffffffff
ffffffff
ffffffff
ffffffff
ffffffff
ffffffff
ffffffff
ffffffff
ffffffff
ffffffff
ffffffff
ffffffff
ffffffff
ffffffff
ffffffff
ffffffff
ffffffff
ffffffff
ffffffff
ffffffff
ffffffff
ffffffff
ffffffff
ffffffff
ffffffff
ffffffff
ffffffff
ffffffff
ffffffff
ffffffff
ffffffff
ffffffff
ffffffff
ffffffff
ffffffff
ffffffff
ffffffff
ffffffff
ffffffff
ffffffff
ffffffff
ffffffff
ffffffff
ffffffff
ffffffff
ffffffff
ffffffff
ffffffff
ffffffff
ffffffff
ffffffff
ffffffff
ffffffff
ffffffff
ffffffff
ffffffff
ffffffff
ffffffff
ffffffff
ffffffff
ffffffff
ffffffff
ffffffff
ffffffff
ffffffff
ffffffff
ffffffff
ffffffff
ffffffff
ffffffff
ffffffff
ffffffff
ffffffff
ffffffff
ffffffff
ffffffff
ffffffff
ffffffff
ffffffff
ffffffff
ffffffff
ffffffff
ffffffff
ffffffff
ffffffff
ffffffff
ffffffff
ffffffff
ffffffff
ffffffff
ffffffff
ffffffff
ffffffff
ffffffff
ffffffff
ffffffff
ffffffff
ffffffff
ffffffff
ffffffff
ffffffff
ffffffff
ffffffff
ffffffff
ffffffff
ffffffff
ffffffff
ffffffff
ffffffff
ffffffff
ffffffff
ffffffff
ffffffff
ffffffff
ffffffff
ffffffff
ffffffff
ffffffff
ffffffff
ffffffff
ffffffff
ffffffff
ffffffff
ffffffff
ffffffff
ffffffff
ffffffff
ffffffff
ffffffff
ffffffff
ffffffff
ffffffff
ffffffff
ffffffff
ffffffff
ffffffff
ffffffff
ffffffff
ffffffff
ffffffff
ffffffff
ffffffff
ffffffff
ffffffff
ffffffff
ffffffff
ffffffff
ffffffff
ffffffff
ffffffff
ffffffff
ffffffff
ffffffff
ffffffff
ffffffff
ffffffff
ffffffff
ffffffff
ffffffff
ffffffff
ffffffff
ffffffff
ffffffff
ffffffff
ffffffff
ffffffff
ffffffff
ffffffff
ffffffff
ffffffff
ffffffff
ffffffff
ffffffff
ffffffff
ffffffff
ffffffff
ffffffff
ffffffff
ffffffff
ffffffff
ffffffff
ffffffff
ffffffff
ffffffff
ffffffff
ffffffff
ffffffff
ffffffff
ffffffff
ffffffff
ffffffff
ffffffff
ffffffff
ffffffff
ffffffff
ffffffff
ffffffff
ffffffff
ffffffff
ffffffff
ffffffff
ffffffff
ffffffff
ffffffff
ffffffff
ffffffff
ffffffff
ffffffff
ffffffff
ffffffff
ffffffff
ffffffff
ffffffff
ffffffff
ffffffff
ffffffff
ffffffff
ffffffff
ffffffff
ffffffff
ffffffff
ffffffff
ffffffff
ffffffff
ffffffff
ffffffff
ffffffff
ffffffff
ffffffff
ffffffff
ffffffff
ffffffff
ffffffff
ffffffff
ffffffff
ffffffff
ffffffff
ffffffff
ffffffff
ffffffff
ffffffff
ffffffff
ffffffff
ffffffff
ffffffff
ffffffff
ffffffff
ffffffff
ffffffff
ffffffff
ffffffff
ffffffff
ffffffff
ffffffff
ffffffff
ffffffff
ffffffff
ffffffff
ffffffff
ffffffff
ffffffff
ffffffff
ffffffff
ffffffff
ffffffff
ffffffff
ffffffff
ffffffff
ffffffff
ffffffff
ffffffff
ffffffff
ffffffff
ffffffff
ffffffff
ffffffff
ffffffff
ffffffff
ffffffff
ffffffff
ffffffff
ffffffff
ffffffff
ffffffff
ffffffff
ffffffff
ffffffff
ffffffff
ffffffff
ffffffff
ffffffff
ffffffff
ffffffff
ffffffff
ffffffff
ffffffff
ffffffff
ffffffff
ffffffff
ffffffff
ffffffff
ffffffff
ffffffff
ffffffff
ffffffff
ffffffff
ffffffff
ffffffff
ffffffff
ffffffff
ffffffff
ffffffff
ffffffff
ffffffff
ffffffff
ffffffff
ffffffff
ffffffff
ffffffff
ffffffff
ffffffff
ffffffff
ffffffff
ffffffff
ffffffff
ffffffff
ffffffff
ffffffff
ffffffff
ffffffff
ffffffff
ffffffff
ffffffff
ffffffff
ffffffff
ffffffff
ffffffff
ffffffff
ffffffff
ffffffff
ffffffff
ffffffff
ffffffff
ffffffff
ffffffff
ffffffff
ffffffff
ffffffff
ffffffff
ffffffff
ffffffff
ffffffff
ffffffff
ffffffff
ffffffff
ffffffff
ffffffff
ffffffff
ffffffff
ffffffff
ffffffff
ffffffff
ffffffff
ffffffff
ffffffff
ffffffff
ffffffff
ffffffff
ffffffff
ffffffff
ffffffff
ffffffff
ffffffff
ffffffff
ffffffff
ffffffff
ffffffff
ffffffff
ffffffff
ffffffff
ffffffff
ffffffff
ffffffff
ffffffff
ffffffff
ffffffff
ffffffff
ffffffff
ffffffff
ffffffff
ffffffff
ffffffff
ffffffff
ffffffff
ffffffff
ffffffff
ffffffff
ffffffff
ffffffff
ffffffff
ffffffff
ffffffff
ffffffff
ffffffff
ffffffff
ffffffff
ffffffff
ffffffff
ffffffff
ffffffff
ffffffff
ffffffff
ffffffff
ffffffff
ffffffff
ffffffff
ffffffff
ffffffff
ffffffff
ffffffff
ffffffff
ffffffff
ffffffff
ffffffff
ffffffff
ffffffff
ffffffff
ffffffff
ffffffff
ffffffff
ffffffff
ffffffff
ffffffff
ffffffff
ffffffff
ffffffff
ffffffff
ffffffff
ffffffff
ffffffff
ffffffff
ffffffff
ffffffff
ffffffff
ffffffff
ffffffff
ffffffff
ffffffff
ffffffff
ffffffff
ffffffff
ffffffff
ffffffff
ffffffff
ffffffff
ffffffff
ffffffff
ffffffff
ffffffff
ffffffff
ffffffff
ffffffff
ffffffff
ffffffff
ffffffff
ffffffff
ffffffff
ffffffff
ffffffff
ffffffff
ffffffff
ffffffff
ffffffff
ffffffff
ffffffff
ffffffff
ffffffff
ffffffff
ffffffff
ffffffff
ffffffff
ffffffff
ffffffff
ffffffff
ffffffff
ffffffff
ffffffff
ffffffff
ffffffff
ffffffff
ffffffff
ffffffff
ffffffff
ffffffff
ffffffff
ffffffff
ffffffff
ffffffff
ffffffff
ffffffff
ffffffff
ffffffff
ffffffff
ffffffff
ffffffff
ffffffff
ffffffff
ffffffff
ffffffff
ffffffff
ffffffff
ffffffff
ffffffff
ffffffff
ffffffff
ffffffff
ffffffff
ffffffff
ffffffff
ffffffff
ffffffff
ffffffff
ffffffff
ffffffff
ffffffff
ffffffff
ffffffff
ffffffff
00000000
00000000
00000000
00000000
00000040
100140e0
00000000
1001434c
00000000
00000000
00000000
00000000
00000000
00000000
00000000
00000200
10014120
00000000
00000001
00000066
00001f40
100025b8
1000d448
1000d424
00000000
00000001
10008efc
00000000
00030100
10014394
10014394
1001439c
1001439c
00000000
00000000
